{
    "metadata": {
        "config": {
            "name": "array_concatenation",
            "description": "Comparing ways to concatenate arrays",
            "related": [
                ""
            ],
            "samples": 1000,
            "iterations": 10000
        },
        "system": {
            "node_version": "v19.8.1",
            "cpu": "Intel(R) Core(TM) i7-5820K CPU @ 3.30GHz, 3900 MHz (12)"
        }
    },
    "results": {
        "concat": {
            "path": "/benchmarks/array-concatenation/concat.js",
            "code": "arr_1.concat(arr_2)",
            "simple": {
                "samples": 928,
                "mean": 3.8615054508735396,
                "std": 0.012062993686314912
            },
            "realistic": {
                "samples": 953,
                "mean": 12.665486646223918,
                "std": 0.02680479898265444
            },
            "edge_case": {
                "samples": 873,
                "mean": 64.01097591499556,
                "std": 0.5736535464076524
            }
        },
        "mutation": {
            "path": "/benchmarks/array-concatenation/mutation.js",
            "code": "for (let i = 0; i < arr_2.length; i++) {\n    arr_1.push(arr_2[i])\n}",
            "simple": {
                "samples": 957,
                "mean": 0.006669218388221605,
                "std": 0.0000372202609381246
            },
            "realistic": {
                "samples": 959,
                "mean": 0.006642639450534666,
                "std": 0.00003152717939248127
            },
            "edge_case": {
                "samples": 937,
                "mean": 0.0066723876981623275,
                "std": 0.000036945668819503326
            }
        },
        "spread": {
            "path": "/benchmarks/array-concatenation/spread.js",
            "code": "[...arr_1, ...arr_2]",
            "simple": {
                "samples": 851,
                "mean": 2.473581346305641,
                "std": 0.01574004795940903
            },
            "realistic": {
                "samples": 866,
                "mean": 8.683291088901546,
                "std": 0.08177415486474074
            },
            "edge_case": {
                "samples": 964,
                "mean": 55.841024374071495,
                "std": 0.065646527224886
            }
        }
    }
}
