{
    "metadata": {
        "config": {
            "name": "array_concatenation",
            "description": "Comparing ways to concatenate arrays",
            "related": [],
            "samples": 1000,
            "iterations": 10000
        },
        "system": {
            "node_version": "v19.8.1",
            "cpu": "Intel(R) Core(TM) i7-5820K CPU @ 3.30GHz, 3900 MHz (12)"
        }
    },
    "results": {
        "concat": {
            "path": "/benchmarks//array-concatenation/concat.js",
            "code": "arr_1.concat(arr_2)",
            "simple": {
                "samples": 921,
                "mean": 4.059782750283678,
                "std": 0.1396291721992377
            },
            "realistic": {
                "samples": 929,
                "mean": 13.97057240474889,
                "std": 0.7177516064756568
            },
            "edge_case": {
                "samples": 806,
                "mean": 63.32340638338364,
                "std": 0.19444817941501502
            }
        },
        "mutation": {
            "path": "/benchmarks//array-concatenation/mutation.js",
            "code": "for (let i = 0; i < arr_2.length; i++) {\n    arr_1.push(arr_2[i])\n}",
            "simple": {
                "samples": 938,
                "mean": 0.006646214287354748,
                "std": 0.000034780507219012514
            },
            "realistic": {
                "samples": 956,
                "mean": 0.0067788274056632776,
                "std": 0.00006362703813167378
            },
            "edge_case": {
                "samples": 920,
                "mean": 0.0067589380383572505,
                "std": 0.00006163127386627638
            }
        },
        "spread": {
            "path": "/benchmarks//array-concatenation/spread.js",
            "code": "[...arr_1, ...arr_2]",
            "simple": {
                "samples": 903,
                "mean": 2.503996947959709,
                "std": 0.021159230823846964
            },
            "realistic": {
                "samples": 968,
                "mean": 8.879243218998063,
                "std": 0.042483983156607744
            },
            "edge_case": {
                "samples": 956,
                "mean": 56.885397452911725,
                "std": 0.11556669149724895
            }
        }
    }
}
