{
    "metadata": {
        "config": {
            "name": "array_iteration",
            "description": "Comparing different ways of iterating arrays",
            "related": [
                ""
            ],
            "samples": 1000,
            "iterations": 1000
        },
        "system": {
            "node_version": "v19.8.1",
            "cpu": "Intel(R) Core(TM) i7-5820K CPU @ 3.30GHz, 3900 MHz (12)"
        }
    },
    "results": {
        "filter": {
            "path": "/benchmarks/array-iteration/filter.js",
            "code": "array.filter(v => {})",
            "simple": {
                "mean": 0.06057181286811829,
                "std": 0.16726331446007472
            },
            "realistic": {
                "mean": 0.38988729286193846,
                "std": 0.9296650940470196
            },
            "edge_case": {
                "mean": 3.3625741708278656,
                "std": 8.660282028630236
            }
        },
        "foreach": {
            "path": "/benchmarks/array-iteration/foreach.js",
            "code": "array.forEach(v => {})",
            "simple": {
                "mean": 0.05269810056686401,
                "std": 0.14022881591921393
            },
            "realistic": {
                "mean": 0.33035982155799865,
                "std": 0.7049011916015252
            },
            "edge_case": {
                "mean": 3.2513506824970246,
                "std": 7.343953950141981
            }
        },
        "for_in": {
            "path": "/benchmarks/array-iteration/for-in.js",
            "code": "// removed... too slow",
            "simple": {
                "mean": 0.0093199303150177,
                "std": 0.026998860119818495
            },
            "realistic": {
                "mean": 0.007342743396759033,
                "std": 0.004795395725874863
            },
            "edge_case": {
                "mean": 0.007116182088851929,
                "std": 0.005941128683658534
            }
        },
        "for": {
            "path": "/benchmarks/array-iteration/for.js",
            "code": "for (let i = 0; i < array.length; i++) {}",
            "simple": {
                "mean": 0.049183434009552,
                "std": 0.0767649221832868
            },
            "realistic": {
                "mean": 0.3342208595275879,
                "std": 0.36929249393523705
            },
            "edge_case": {
                "mean": 2.905796223402023,
                "std": 0.6388579610257343
            }
        },
        "for_of": {
            "path": "/benchmarks/array-iteration/for-of.js",
            "code": "for (const v of array) {}",
            "simple": {
                "mean": 0.09392376518249512,
                "std": 0.23798716271244869
            },
            "realistic": {
                "mean": 0.5871044895648956,
                "std": 0.697087567695072
            },
            "edge_case": {
                "mean": 5.258066758394241,
                "std": 0.7410729731791882
            }
        },
        "map": {
            "path": "/benchmarks/array-iteration/map.js",
            "code": "array.map(v => {})",
            "simple": {
                "mean": 0.2091651620864868,
                "std": 0.1861080783026933
            },
            "realistic": {
                "mean": 1.5747159867286682,
                "std": 1.1492945636163017
            },
            "edge_case": {
                "mean": 14.93535005402565,
                "std": 7.866586070400503
            }
        }
    }
}
