{
    "metadata": {
        "config": {
            "name": "array_iteration",
            "description": "Comparing different ways of iterating arrays",
            "related": [
                ""
            ],
            "samples": 1000,
            "iterations": 1000
        },
        "system": {
            "node_version": "v19.8.1",
            "cpu": "Intel(R) Core(TM) i7-5820K CPU @ 3.30GHz, 3900 MHz (12)"
        }
    },
    "results": {
        "filter": {
            "path": "/benchmarks/array-iteration/filter.js",
            "code": "array.filter(v => {})",
            "simple": {
                "samples": 861,
                "mean": 0.04146654246820249,
                "std": 0.000014291653265346871
            },
            "realistic": {
                "samples": 795,
                "mean": 0.2658004450832972,
                "std": 0.00001612762651151427
            },
            "edge_case": {
                "samples": 931,
                "mean": 2.595406158947769,
                "std": 0.024496468442588223
            }
        },
        "foreach": {
            "path": "/benchmarks/array-iteration/foreach.js",
            "code": "array.forEach(v => {})",
            "simple": {
                "samples": 888,
                "mean": 0.04145381843224996,
                "std": 0.00001482708203969062
            },
            "realistic": {
                "samples": 658,
                "mean": 0.31423742099790336,
                "std": 0.00011043090337433975
            },
            "edge_case": {
                "samples": 868,
                "mean": 2.583782932297724,
                "std": 0.013443369414928864
            }
        },
        "for_in": {
            "path": "/benchmarks/array-iteration/for-in.js",
            "code": "// removed... too slow",
            "simple": {
                "samples": 999,
                "mean": 0.007570465654756679,
                "std": 0.005651395841992999
            },
            "realistic": {
                "samples": 935,
                "mean": 0.008363463144536733,
                "std": 0.0005973511947349535
            },
            "edge_case": {
                "samples": 997,
                "mean": 0.00765969544860272,
                "std": 0.005712143572454697
            }
        },
        "for": {
            "path": "/benchmarks/array-iteration/for.js",
            "code": "for (let i = 0; i < array.length; i++) {}",
            "simple": {
                "samples": 974,
                "mean": 0.03718972484878687,
                "std": 0.001377371804462143
            },
            "realistic": {
                "samples": 862,
                "mean": 0.2657911871497662,
                "std": 0.0002086523166286082
            },
            "edge_case": {
                "samples": 856,
                "mean": 2.587912951501914,
                "std": 0.018186486070501724
            }
        },
        "for_of": {
            "path": "/benchmarks/array-iteration/for-of.js",
            "code": "for (const v of array) {}",
            "simple": {
                "samples": 907,
                "mean": 0.08262195372237456,
                "std": 0.0003061789352717626
            },
            "realistic": {
                "samples": 997,
                "mean": 0.5835679193543374,
                "std": 0.05085391424310254
            },
            "edge_case": {
                "samples": 951,
                "mean": 5.190165924841328,
                "std": 0.04560707937210666
            }
        },
        "map": {
            "path": "/benchmarks/array-iteration/map.js",
            "code": "array.map(v => {})",
            "simple": {
                "samples": 974,
                "mean": 0.16418192020273112,
                "std": 0.016011887246238126
            },
            "realistic": {
                "samples": 765,
                "mean": 1.5216527127227832,
                "std": 0.005157116572960539
            },
            "edge_case": {
                "samples": 946,
                "mean": 15.27484940649045,
                "std": 0.0628313647652829
            }
        }
    }
}
