{
    "metadata": {
        "config": {
            "name": "array_iteration",
            "description": "Comparing different ways of iterating arrays",
            "related": [
                ""
            ],
            "samples": 1000,
            "iterations": 1000
        },
        "system": {
            "node_version": "v19.8.1",
            "cpu": "Intel(R) Core(TM) i7-5820K CPU @ 3.30GHz, 3900 MHz (12)"
        }
    },
    "results": {
        "filter": {
            "path": "/benchmarks/array-iteration/filter.js",
            "code": "array.filter(v => {})",
            "simple": {
                "samples": 956,
                "mean": 0.032949862709701044,
                "std": 0.00003986213996277916
            },
            "realistic": {
                "samples": 989,
                "mean": 0.27928537852744484,
                "std": 0.02426090382973631
            },
            "edge_case": {
                "samples": 907,
                "mean": 2.5722428925526892,
                "std": 0.006660064793907414
            }
        },
        "foreach": {
            "path": "/benchmarks/array-iteration/foreach.js",
            "code": "array.forEach(v => {})",
            "simple": {
                "samples": 794,
                "mean": 0.039880294984242504,
                "std": 0.000018834553445293053
            },
            "realistic": {
                "samples": 923,
                "mean": 0.30641994940167,
                "std": 0.0016810968792945534
            },
            "edge_case": {
                "samples": 931,
                "mean": 2.5760494209972395,
                "std": 0.011177973526524339
            }
        },
        "for_in": {
            "path": "/benchmarks/array-iteration/for-in.js",
            "code": "// removed... too slow",
            "simple": {
                "samples": 940,
                "mean": 0.0004768631129348241,
                "std": 0.0001221683903282448
            },
            "realistic": {
                "samples": 939,
                "mean": 0.000758484958019359,
                "std": 0.00011078966333750014
            },
            "edge_case": {
                "samples": 958,
                "mean": 0.0004995574574535263,
                "std": 0.00010891048443867696
            }
        },
        "for": {
            "path": "/benchmarks/array-iteration/for.js",
            "code": "for (let i = 0; i < array.length; i++) {}",
            "simple": {
                "samples": 961,
                "mean": 0.03645946709501817,
                "std": 0.0017017827363756818
            },
            "realistic": {
                "samples": 767,
                "mean": 0.2593863452479903,
                "std": 0.00004094195023392559
            },
            "edge_case": {
                "samples": 935,
                "mean": 2.5842204716649677,
                "std": 0.017713327338380526
            }
        },
        "for_of": {
            "path": "/benchmarks/array-iteration/for-of.js",
            "code": "for (const v of array) {}",
            "simple": {
                "samples": 955,
                "mean": 0.06238894919581634,
                "std": 0.00025747291006459683
            },
            "realistic": {
                "samples": 989,
                "mean": 0.5856980892249463,
                "std": 0.050401034322972695
            },
            "edge_case": {
                "samples": 901,
                "mean": 5.176143858639173,
                "std": 0.05660707191988549
            }
        },
        "map": {
            "path": "/benchmarks/array-iteration/map.js",
            "code": "array.map(v => {})",
            "simple": {
                "samples": 983,
                "mean": 0.19043429104897652,
                "std": 0.017547863353053236
            },
            "realistic": {
                "samples": 803,
                "mean": 1.526505479097784,
                "std": 0.03481251317505806
            },
            "edge_case": {
                "samples": 886,
                "mean": 15.272747206278314,
                "std": 0.03313988538911373
            }
        }
    }
}
