{
    "metadata": {
        "config": {
            "name": "array_iteration",
            "description": "Comparing different ways of iterating arrays",
            "related": [
                ""
            ],
            "samples": 1000,
            "iterations": 1000
        },
        "system": {
            "node_version": "v19.8.1",
            "cpu": "Intel(R) Core(TM) i7-5820K CPU @ 3.30GHz, 3900 MHz (12)"
        }
    },
    "results": {
        "filter": {
            "path": "/benchmarks/array-iteration/filter.js",
            "code": "array.filter(v => {})",
            "simple": {
                "samples": 902,
                "mean": 0.041745327528723064,
                "std": 0.00012219172195895668
            },
            "realistic": {
                "samples": 991,
                "mean": 0.30134794979114704,
                "std": 0.021736839752491768
            },
            "edge_case": {
                "samples": 863,
                "mean": 2.6090841191116105,
                "std": 0.06053156901763772
            }
        },
        "foreach": {
            "path": "/benchmarks/array-iteration/foreach.js",
            "code": "array.forEach(v => {})",
            "simple": {
                "samples": 886,
                "mean": 0.041741722324362726,
                "std": 0.00006189585400067002
            },
            "realistic": {
                "samples": 992,
                "mean": 0.2799604261113751,
                "std": 0.021791514338779364
            },
            "edge_case": {
                "samples": 859,
                "mean": 2.575789864043834,
                "std": 0.0012834071730541343
            }
        },
        "for_in": {
            "path": "/benchmarks/array-iteration/for-in.js",
            "code": "// removed... too slow",
            "simple": {
                "samples": 945,
                "mean": 0.008749274854306821,
                "std": 0.00012677100851390868
            },
            "realistic": {
                "samples": 994,
                "mean": 0.005232560082940268,
                "std": 0.002969478390992846
            },
            "edge_case": {
                "samples": 984,
                "mean": 0.00840919507228262,
                "std": 0.0015976276982109649
            }
        },
        "for": {
            "path": "/benchmarks/array-iteration/for.js",
            "code": "for (let i = 0; i < array.length; i++) {}",
            "simple": {
                "samples": 632,
                "mean": 0.04287245266045196,
                "std": 0.00025211393150522597
            },
            "realistic": {
                "samples": 900,
                "mean": 0.2690823663605584,
                "std": 0.003974632170664152
            },
            "edge_case": {
                "samples": 774,
                "mean": 2.5871523726510137,
                "std": 0.01169362941879819
            }
        },
        "for_of": {
            "path": "/benchmarks/array-iteration/for-of.js",
            "code": "for (const v of array) {}",
            "simple": {
                "samples": 862,
                "mean": 0.07688379066449584,
                "std": 0.00014442315836583528
            },
            "realistic": {
                "samples": 988,
                "mean": 0.5785033478427996,
                "std": 0.05405409299507522
            },
            "edge_case": {
                "samples": 927,
                "mean": 5.203080420355195,
                "std": 0.07120752717097961
            }
        },
        "map": {
            "path": "/benchmarks/array-iteration/map.js",
            "code": "array.map(v => {})",
            "simple": {
                "samples": 980,
                "mean": 0.18883696210627654,
                "std": 0.021724930863982854
            },
            "realistic": {
                "samples": 842,
                "mean": 1.4055968333310016,
                "std": 0.02095066232958669
            },
            "edge_case": {
                "samples": 897,
                "mean": 14.142199527725595,
                "std": 0.28057002010094073
            }
        }
    }
}
