{
    "metadata": {
        "config": {
            "name": "array_iteration",
            "description": "Comparing different ways of iterating arrays",
            "related": [
                ""
            ],
            "samples": 1000,
            "iterations": 1000
        },
        "system": {
            "node_version": "v19.8.1",
            "cpu": "Intel(R) Core(TM) i7-5820K CPU @ 3.30GHz, 3900 MHz (12)"
        }
    },
    "results": {
        "filter": {
            "path": "/benchmarks/array-iteration/filter.js",
            "code": "array.filter(v => {})",
            "simple": {
                "samples": 911,
                "mean": 0.041441935939575514,
                "std": 0.00002026831888077709
            },
            "realistic": {
                "samples": 658,
                "mean": 0.31462476143613627,
                "std": 0.0012898959761074478
            },
            "edge_case": {
                "samples": 849,
                "mean": 2.5813567331207197,
                "std": 0.010905951218212265
            }
        },
        "foreach": {
            "path": "/benchmarks/array-iteration/foreach.js",
            "code": "array.forEach(v => {})",
            "simple": {
                "samples": 932,
                "mean": 0.04145056569925075,
                "std": 0.00001928035446342407
            },
            "realistic": {
                "samples": 808,
                "mean": 0.2658705356742783,
                "std": 0.00004143726121279345
            },
            "edge_case": {
                "samples": 909,
                "mean": 2.5840591761569636,
                "std": 0.010889427456553436
            }
        },
        "for_in": {
            "path": "/benchmarks/array-iteration/for-in.js",
            "code": "// removed... too slow",
            "simple": {
                "samples": 940,
                "mean": 0.007836227095235902,
                "std": 0.00015237231116982538
            },
            "realistic": {
                "samples": 890,
                "mean": 0.006853416683253712,
                "std": 0.000246413028130862
            },
            "edge_case": {
                "samples": 936,
                "mean": 0.007805735691339669,
                "std": 0.0001410050219073887
            }
        },
        "for": {
            "path": "/benchmarks/array-iteration/for.js",
            "code": "for (let i = 0; i < array.length; i++) {}",
            "simple": {
                "samples": 796,
                "mean": 0.04054264404655761,
                "std": 0.00025754655934597773
            },
            "realistic": {
                "samples": 665,
                "mean": 0.31584568871616947,
                "std": 0.000020645027437637834
            },
            "edge_case": {
                "samples": 889,
                "mean": 2.583241655624948,
                "std": 0.009513635723062464
            }
        },
        "for_of": {
            "path": "/benchmarks/array-iteration/for-of.js",
            "code": "for (const v of array) {}",
            "simple": {
                "samples": 992,
                "mean": 0.09774754203972298,
                "std": 0.02505491493835717
            },
            "realistic": {
                "samples": 992,
                "mean": 0.5807854098432496,
                "std": 0.05046861750267948
            },
            "edge_case": {
                "samples": 820,
                "mean": 5.160100810741837,
                "std": 0.015182348789865895
            }
        },
        "map": {
            "path": "/benchmarks/array-iteration/map.js",
            "code": "array.map(v => {})",
            "simple": {
                "samples": 977,
                "mean": 0.19797797724220587,
                "std": 0.021783658719829024
            },
            "realistic": {
                "samples": 893,
                "mean": 1.5462897206936226,
                "std": 0.04408381052288675
            },
            "edge_case": {
                "samples": 851,
                "mean": 15.584422526155807,
                "std": 0.43454682198790207
            }
        }
    }
}
