{
    "metadata": {
        "config": {
            "name": "array_iteration",
            "description": "Comparing different ways of iterating arrays",
            "related": [
                ""
            ],
            "samples": 1000,
            "iterations": 1000
        },
        "system": {
            "node_version": "v19.8.1",
            "cpu": "Intel(R) Core(TM) i7-5820K CPU @ 3.30GHz, 3900 MHz (12)"
        }
    },
    "results": {
        "filter": {
            "path": "/benchmarks/array-iteration/filter.js",
            "code": "array.filter(v => {})",
            "simple": {
                "samples": 947,
                "mean": 0.041847852618288967,
                "std": 0.0000488238168337299
            },
            "realistic": {
                "samples": 884,
                "mean": 0.2686117833556093,
                "std": 0.003821507403902548
            },
            "edge_case": {
                "samples": 827,
                "mean": 2.5762927255434453,
                "std": 0.00198409639891607
            }
        },
        "foreach": {
            "path": "/benchmarks/array-iteration/foreach.js",
            "code": "array.forEach(v => {})",
            "simple": {
                "samples": 927,
                "mean": 0.0417837445918539,
                "std": 0.00009405710678675058
            },
            "realistic": {
                "samples": 806,
                "mean": 0.267527479983441,
                "std": 0.003838096200023532
            },
            "edge_case": {
                "samples": 892,
                "mean": 2.577248366424321,
                "std": 0.0032931986815649627
            }
        },
        "for_in": {
            "path": "/benchmarks/array-iteration/for-in.js",
            "code": "// removed... too slow",
            "simple": {
                "samples": 975,
                "mean": 0.009987813264895708,
                "std": 0.001828876498767506
            },
            "realistic": {
                "samples": 993,
                "mean": 0.006637369878102406,
                "std": 0.003983511905355854
            },
            "edge_case": {
                "samples": 905,
                "mean": 0.008143598598669905,
                "std": 0.00013272425632485785
            }
        },
        "for": {
            "path": "/benchmarks/array-iteration/for.js",
            "code": "for (let i = 0; i < array.length; i++) {}",
            "simple": {
                "samples": 769,
                "mean": 0.04291023699607899,
                "std": 0.00025813848237907455
            },
            "realistic": {
                "samples": 881,
                "mean": 0.31515136100647806,
                "std": 0.00018200939988800098
            },
            "edge_case": {
                "samples": 815,
                "mean": 2.593054686879819,
                "std": 0.022192935389248394
            }
        },
        "for_of": {
            "path": "/benchmarks/array-iteration/for-of.js",
            "code": "for (const v of array) {}",
            "simple": {
                "samples": 991,
                "mean": 0.07271238292382295,
                "std": 0.006285473386307777
            },
            "realistic": {
                "samples": 997,
                "mean": 0.5816809200834009,
                "std": 0.04825889024208702
            },
            "edge_case": {
                "samples": 876,
                "mean": 5.160809692726832,
                "std": 0.02063589744702127
            }
        },
        "map": {
            "path": "/benchmarks/array-iteration/map.js",
            "code": "array.map(v => {})",
            "simple": {
                "samples": 989,
                "mean": 0.18429981541223786,
                "std": 0.01854448205253099
            },
            "realistic": {
                "samples": 935,
                "mean": 1.4537831869992344,
                "std": 0.10016385645353595
            },
            "edge_case": {
                "samples": 935,
                "mean": 14.145577058435125,
                "std": 0.2123521418682667
            }
        }
    }
}
