{
    "metadata": {
        "config": {
            "name": "array_iteration",
            "description": "Comparing different ways of iterating arrays",
            "related": [
                ""
            ],
            "samples": 1000,
            "iterations": 1000
        },
        "system": {
            "node_version": "v19.8.1",
            "cpu": "Intel(R) Core(TM) i7-5820K CPU @ 3.30GHz, 3900 MHz (12)"
        }
    },
    "results": {
        "filter": {
            "path": "/benchmarks/array-iteration/filter.js",
            "code": "array.filter(v => {})",
            "simple": {
                "mean": 0.0429620885175939,
                "std": 0.00005415348310277347
            },
            "realistic": {
                "mean": 0.29036309644504704,
                "std": 0.024307750052321102
            },
            "edge_case": {
                "mean": 2.5828139554370533,
                "std": 0.009302478040168378
            }
        },
        "foreach": {
            "path": "/benchmarks/array-iteration/foreach.js",
            "code": "array.forEach(v => {})",
            "simple": {
                "mean": 0.035388225406344495,
                "std": 0.000039370403182044416
            },
            "realistic": {
                "mean": 0.26618960518892065,
                "std": 0.00006264037930004905
            },
            "edge_case": {
                "mean": 2.5828771198368727,
                "std": 0.010430123272600678
            }
        },
        "for_in": {
            "path": "/benchmarks/array-iteration/for-in.js",
            "code": "// removed... too slow",
            "simple": {
                "mean": 0.008764813433993946,
                "std": 0.0001221486840507474
            },
            "realistic": {
                "mean": 0.00815097831781938,
                "std": 0.00013855647218916921
            },
            "edge_case": {
                "mean": 0.008786023257182682,
                "std": 0.0001448017194929103
            }
        },
        "for": {
            "path": "/benchmarks/array-iteration/for.js",
            "code": "for (let i = 0; i < array.length; i++) {}",
            "simple": {
                "mean": 0.037201925736515463,
                "std": 0.0013946645316083982
            },
            "realistic": {
                "mean": 0.32023791378399113,
                "std": 0.008466823975646595
            },
            "edge_case": {
                "mean": 2.5953394087932464,
                "std": 0.03229799796061089
            }
        },
        "for_of": {
            "path": "/benchmarks/array-iteration/for-of.js",
            "code": "for (const v of array) {}",
            "simple": {
                "mean": 0.07686636304161405,
                "std": 0.00014185718832141278
            },
            "realistic": {
                "mean": 0.5288888536569059,
                "std": 0.0034242631224168066
            },
            "edge_case": {
                "mean": 5.2069858397849975,
                "std": 0.06937466531263443
            }
        },
        "map": {
            "path": "/benchmarks/array-iteration/map.js",
            "code": "array.map(v => {})",
            "simple": {
                "mean": 0.18507851715441104,
                "std": 0.018930559214413417
            },
            "realistic": {
                "mean": 1.4236231159776933,
                "std": 0.035669444923459005
            },
            "edge_case": {
                "mean": 14.033611514253842,
                "std": 0.11075906814423224
            }
        }
    }
}
