{
    "metadata": {
        "config": {
            "name": "array_iteration",
            "description": "Comparing different ways of iterating arrays",
            "related": [
                ""
            ],
            "samples": 100,
            "iterations": 5000
        },
        "system": {
            "node_version": "v19.8.1",
            "cpu": "Intel(R) Core(TM) i7-5820K CPU @ 3.30GHz, 3900 MHz (12)"
        }
    },
    "results": {
        "filter": {
            "path": "/benchmarks/array-iteration/filter.js",
            "code": "array.filter(v => {})",
            "simple": {
                "mean": 0.41069775104522704,
                "std": 1.1524869839768588
            },
            "realistic": {
                "mean": 3.2273121786117556,
                "std": 8.931803236301555
            },
            "edge_case": {
                "mean": 22.373720483779906,
                "std": 62.460734170903976
            }
        },
        "foreach": {
            "path": "/benchmarks/array-iteration/foreach.js",
            "code": "array.forEach(v => {})",
            "simple": {
                "mean": 0.4016591191291809,
                "std": 1.0996692293152555
            },
            "realistic": {
                "mean": 3.0123731231689455,
                "std": 7.977717815016167
            },
            "edge_case": {
                "mean": 21.694152002334594,
                "std": 60.978823748125436
            }
        },
        "for_in": {
            "path": "/benchmarks/array-iteration/for-in.js",
            "code": "for (const i in array) {}",
            "simple": {
                "mean": 11.9727068734169,
                "std": 1.2257422910208378
            },
            "realistic": {
                "mean": 106.57663383722306,
                "std": 2.092157845283051
            },
            "edge_case": {
                "mean": 1037.8199921131134,
                "std": 5.071296463433873
            }
        },
        "for": {
            "path": "/benchmarks/array-iteration/for.js",
            "code": "for (let i = 0; i < array.length; i++) {}",
            "simple": {
                "mean": 0.40304155826568605,
                "std": 0.8885614916014671
            },
            "realistic": {
                "mean": 1.761509816646576,
                "std": 1.1248549073352292
            },
            "edge_case": {
                "mean": 13.59411920785904,
                "std": 1.7773462153719581
            }
        },
        "for_of": {
            "path": "/benchmarks/array-iteration/for-of.js",
            "code": "for (const v of array) {}",
            "simple": {
                "mean": 0.6053664231300354,
                "std": 1.3753011128707093
            },
            "realistic": {
                "mean": 2.934118287563324,
                "std": 1.805387272906512
            },
            "edge_case": {
                "mean": 26.597074213027955,
                "std": 3.2569409136767122
            }
        },
        "map": {
            "path": "/benchmarks/array-iteration/map.js",
            "code": "array.map(v => {})",
            "simple": {
                "mean": 1.5150384020805359,
                "std": 1.7143399415216176
            },
            "realistic": {
                "mean": 8.9814803647995,
                "std": 7.734725569285824
            },
            "edge_case": {
                "mean": 84.73526672124862,
                "std": 60.02751594788224
            }
        }
    }
}
