{
    "metadata": {
        "config": {
            "name": "array_iteration",
            "description": "Comparing different ways of iterating arrays",
            "related": [
                ""
            ],
            "samples": 1000,
            "iterations": 1000
        },
        "system": {
            "node_version": "v19.8.1",
            "cpu": "Intel(R) Core(TM) i7-5820K CPU @ 3.30GHz, 3900 MHz (12)"
        }
    },
    "results": {
        "filter": {
            "path": "/benchmarks/array-iteration/filter.js",
            "code": "array.filter(v => {})",
            "simple": {
                "samples": 891,
                "mean": 0.04143704890312516,
                "std": 0.000018564127196674208
            },
            "realistic": {
                "samples": 990,
                "mean": 0.28739648400781187,
                "std": 0.02407010595747785
            },
            "edge_case": {
                "samples": 806,
                "mean": 2.5953808041970623,
                "std": 0.040197725486268925
            }
        },
        "foreach": {
            "path": "/benchmarks/array-iteration/foreach.js",
            "code": "array.forEach(v => {})",
            "simple": {
                "samples": 962,
                "mean": 0.0378328155745226,
                "std": 0.003437656010415992
            },
            "realistic": {
                "samples": 905,
                "mean": 0.2685077133738657,
                "std": 0.00476388251616784
            },
            "edge_case": {
                "samples": 930,
                "mean": 2.60261452110237,
                "std": 0.02910694758691309
            }
        },
        "for_in": {
            "path": "/benchmarks/array-iteration/for-in.js",
            "code": "// removed... too slow",
            "simple": {
                "samples": 918,
                "mean": 0.008345469624778763,
                "std": 0.0004606275688662074
            },
            "realistic": {
                "samples": 957,
                "mean": 0.008024997116113767,
                "std": 0.0002697923302734229
            },
            "edge_case": {
                "samples": 948,
                "mean": 0.007797780367641289,
                "std": 0.00020225311553763353
            }
        },
        "for": {
            "path": "/benchmarks/array-iteration/for.js",
            "code": "for (let i = 0; i < array.length; i++) {}",
            "simple": {
                "samples": 980,
                "mean": 0.043762242643496395,
                "std": 0.001605850448546902
            },
            "realistic": {
                "samples": 717,
                "mean": 0.26725644511406693,
                "std": 0.000024814848091804656
            },
            "edge_case": {
                "samples": 858,
                "mean": 2.601348305010359,
                "std": 0.0390162455734277
            }
        },
        "for_of": {
            "path": "/benchmarks/array-iteration/for-of.js",
            "code": "for (const v of array) {}",
            "simple": {
                "samples": 879,
                "mean": 0.08255791629488779,
                "std": 0.000304534834769825
            },
            "realistic": {
                "samples": 996,
                "mean": 0.5880195243718189,
                "std": 0.04601946177702105
            },
            "edge_case": {
                "samples": 928,
                "mean": 5.182660183209494,
                "std": 0.042599065055907756
            }
        },
        "map": {
            "path": "/benchmarks/array-iteration/map.js",
            "code": "array.map(v => {})",
            "simple": {
                "samples": 974,
                "mean": 0.16865528467218374,
                "std": 0.019218827264386094
            },
            "realistic": {
                "samples": 820,
                "mean": 1.5371872585006714,
                "std": 0.04313641496813855
            },
            "edge_case": {
                "samples": 935,
                "mean": 15.349732076784218,
                "std": 0.13785999663323806
            }
        }
    }
}
