{
    "metadata": {
        "config": {
            "name": "array_iteration",
            "description": "Comparing different ways of iterating arrays",
            "related": [
                ""
            ],
            "samples": 1000,
            "iterations": 1000
        },
        "system": {
            "node_version": "v19.8.1",
            "cpu": "Intel(R) Core(TM) i7-5820K CPU @ 3.30GHz, 3900 MHz (12)"
        }
    },
    "results": {
        "filter": {
            "path": "/benchmarks/array-iteration/filter.js",
            "code": "array.filter(v => {})",
            "simple": {
                "samples": 895,
                "mean": 0.04172596771623835,
                "std": 0.000060522984679032594
            },
            "realistic": {
                "samples": 604,
                "mean": 0.31730799761829,
                "std": 0.00006168663653694192
            },
            "edge_case": {
                "samples": 866,
                "mean": 2.5932843963213386,
                "std": 0.022454213167906453
            }
        },
        "foreach": {
            "path": "/benchmarks/array-iteration/foreach.js",
            "code": "array.forEach(v => {})",
            "simple": {
                "samples": 925,
                "mean": 0.03528254328547297,
                "std": 0.00004900918796743531
            },
            "realistic": {
                "samples": 734,
                "mean": 0.31449326344991574,
                "std": 0.00008562046749670594
            },
            "edge_case": {
                "samples": 828,
                "mean": 2.593225694508944,
                "std": 0.026235558026839544
            }
        },
        "for_in": {
            "path": "/benchmarks/array-iteration/for-in.js",
            "code": "// removed... too slow",
            "simple": {
                "samples": 995,
                "mean": 0.005741260279363124,
                "std": 0.004154499628408321
            },
            "realistic": {
                "samples": 923,
                "mean": 0.0070685573156321685,
                "std": 0.0001303938667719753
            },
            "edge_case": {
                "samples": 858,
                "mean": 0.008450015441521064,
                "std": 0.00017201434433997636
            }
        },
        "for": {
            "path": "/benchmarks/array-iteration/for.js",
            "code": "for (let i = 0; i < array.length; i++) {}",
            "simple": {
                "samples": 899,
                "mean": 0.0404550647311269,
                "std": 0.0029698206766014383
            },
            "realistic": {
                "samples": 847,
                "mean": 0.2678840641710806,
                "std": 0.0029544953139153183
            },
            "edge_case": {
                "samples": 845,
                "mean": 2.652243837661292,
                "std": 0.1229535161852755
            }
        },
        "for_of": {
            "path": "/benchmarks/array-iteration/for-of.js",
            "code": "for (const v of array) {}",
            "simple": {
                "samples": 910,
                "mean": 0.0760538276735243,
                "std": 0.00006379638469560287
            },
            "realistic": {
                "samples": 960,
                "mean": 0.5826392523944378,
                "std": 0.06611829635529312
            },
            "edge_case": {
                "samples": 916,
                "mean": 5.243731994295745,
                "std": 0.09792508378078696
            }
        },
        "map": {
            "path": "/benchmarks/array-iteration/map.js",
            "code": "array.map(v => {})",
            "simple": {
                "samples": 974,
                "mean": 0.1577270780011124,
                "std": 0.01715100864176632
            },
            "realistic": {
                "samples": 879,
                "mean": 1.4294433829727433,
                "std": 0.040747635536626366
            },
            "edge_case": {
                "samples": 931,
                "mean": 14.269690268021778,
                "std": 0.2978603873254116
            }
        }
    }
}
