{
    "metadata": {
        "config": {
            "name": "array_iteration",
            "description": "Comparing different ways of iterating arrays",
            "related": [
                ""
            ],
            "samples": 1000,
            "iterations": 1000
        },
        "system": {
            "node_version": "v19.8.1",
            "cpu": "Intel(R) Core(TM) i7-5820K CPU @ 3.30GHz, 3900 MHz (12)"
        }
    },
    "results": {
        "filter": {
            "path": "/benchmarks//array-iteration/filter.js",
            "code": "array.filter(v => {})",
            "simple": {
                "samples": 918,
                "mean": 0.04172203353807038,
                "std": 0.00008123836097438593
            },
            "realistic": {
                "samples": 517,
                "mean": 0.3145160343015217,
                "std": 0.00011342126920988115
            },
            "edge_case": {
                "samples": 885,
                "mean": 2.5910557571777515,
                "std": 0.01980125959529126
            }
        },
        "foreach": {
            "path": "/benchmarks//array-iteration/foreach.js",
            "code": "array.forEach(v => {})",
            "simple": {
                "samples": 911,
                "mean": 0.03528625512358648,
                "std": 0.0000667692594154597
            },
            "realistic": {
                "samples": 791,
                "mean": 0.31450060013724035,
                "std": 0.00008618684839142176
            },
            "edge_case": {
                "samples": 891,
                "mean": 2.5827116380235564,
                "std": 0.010155451693171034
            }
        },
        "for_in": {
            "path": "/benchmarks//array-iteration/for-in.js",
            "code": "// removed... too slow",
            "simple": {
                "samples": 818,
                "mean": 0.007804453227222694,
                "std": 0.0001802633177904548
            },
            "realistic": {
                "samples": 941,
                "mean": 0.00829895624572235,
                "std": 0.00015289548607789032
            },
            "edge_case": {
                "samples": 905,
                "mean": 0.008461829180216922,
                "std": 0.0001456534859993566
            }
        },
        "for": {
            "path": "/benchmarks//array-iteration/for.js",
            "code": "for (let i = 0; i < array.length; i++) {}",
            "simple": {
                "samples": 976,
                "mean": 0.04372930502305265,
                "std": 0.001636329592523284
            },
            "realistic": {
                "samples": 770,
                "mean": 0.266665852843941,
                "std": 0.00013690091272284936
            },
            "edge_case": {
                "samples": 840,
                "mean": 2.587104942685082,
                "std": 0.015405719018869678
            }
        },
        "for_of": {
            "path": "/benchmarks//array-iteration/for-of.js",
            "code": "for (const v of array) {}",
            "simple": {
                "samples": 864,
                "mean": 0.0760537921278565,
                "std": 0.000059452396918737745
            },
            "realistic": {
                "samples": 909,
                "mean": 0.5278060514934779,
                "std": 0.002319896382121167
            },
            "edge_case": {
                "samples": 865,
                "mean": 5.196943649942475,
                "std": 0.054530364942187375
            }
        },
        "map": {
            "path": "/benchmarks//array-iteration/map.js",
            "code": "array.map(v => {})",
            "simple": {
                "samples": 962,
                "mean": 0.18308978665643325,
                "std": 0.023251538637620767
            },
            "realistic": {
                "samples": 840,
                "mean": 1.4101141833123707,
                "std": 0.020901448956853724
            },
            "edge_case": {
                "samples": 952,
                "mean": 14.256398801543131,
                "std": 0.26887055013790573
            }
        }
    }
}
