{
    "metadata": {
        "config": {
            "name": "array_iteration",
            "description": "Comparing different ways of iterating arrays",
            "related": [
                ""
            ],
            "samples": 1000,
            "iterations": 1000
        },
        "system": {
            "node_version": "v19.8.1",
            "cpu": "Intel(R) Core(TM) i7-5820K CPU @ 3.30GHz, 3900 MHz (12)"
        }
    },
    "results": {
        "filter": {
            "path": "/benchmarks/array-iteration/filter.js",
            "code": "array.filter(v => {})",
            "simple": {
                "samples": 919,
                "mean": 0.035017344410742,
                "std": 0.000017066367134905135
            },
            "realistic": {
                "samples": 852,
                "mean": 0.2658404063042509,
                "std": 0.000017155705033342784
            },
            "edge_case": {
                "samples": 896,
                "mean": 2.5849649131716865,
                "std": 0.013468415174175925
            }
        },
        "foreach": {
            "path": "/benchmarks/array-iteration/foreach.js",
            "code": "array.forEach(v => {})",
            "simple": {
                "samples": 970,
                "mean": 0.03942735883978023,
                "std": 0.003221599831396124
            },
            "realistic": {
                "samples": 863,
                "mean": 0.26583983421885826,
                "std": 0.00001742165089831764
            },
            "edge_case": {
                "samples": 845,
                "mean": 2.575564813138379,
                "std": 0.0012507227451331244
            }
        },
        "for_in": {
            "path": "/benchmarks/array-iteration/for-in.js",
            "code": "// removed... too slow",
            "simple": {
                "samples": 979,
                "mean": 0.008469833840324993,
                "std": 0.0005139335049220482
            },
            "realistic": {
                "samples": 966,
                "mean": 0.006785258312260908,
                "std": 0.00022377793543220753
            },
            "edge_case": {
                "samples": 916,
                "mean": 0.006615965946971378,
                "std": 0.00011600682813889741
            }
        },
        "for": {
            "path": "/benchmarks/array-iteration/for.js",
            "code": "for (let i = 0; i < array.length; i++) {}",
            "simple": {
                "samples": 804,
                "mean": 0.034377631424104785,
                "std": 0.0002054994442361481
            },
            "realistic": {
                "samples": 676,
                "mean": 0.26723960661363777,
                "std": 0.000013043244026369617
            },
            "edge_case": {
                "samples": 850,
                "mean": 2.577058072938533,
                "std": 0.0025177999139555786
            }
        },
        "for_of": {
            "path": "/benchmarks/array-iteration/for-of.js",
            "code": "for (const v of array) {}",
            "simple": {
                "samples": 912,
                "mean": 0.06984331136467392,
                "std": 0.00025882630281057325
            },
            "realistic": {
                "samples": 941,
                "mean": 0.5328245854504633,
                "std": 0.002498464657699686
            },
            "edge_case": {
                "samples": 862,
                "mean": 5.162445832935204,
                "std": 0.02050740053353608
            }
        },
        "map": {
            "path": "/benchmarks/array-iteration/map.js",
            "code": "array.map(v => {})",
            "simple": {
                "samples": 978,
                "mean": 0.19256415904660223,
                "std": 0.017451650784624632
            },
            "realistic": {
                "samples": 821,
                "mean": 1.513910215022114,
                "std": 0.005437407779407253
            },
            "edge_case": {
                "samples": 949,
                "mean": 15.39752364804512,
                "std": 0.23402037575814602
            }
        }
    }
}
