{
    "metadata": {
        "config": {
            "name": "array_iteration",
            "description": "Comparing different ways of iterating arrays",
            "related": [
                ""
            ],
            "samples": 1000,
            "iterations": 1000
        },
        "system": {
            "node_version": "v19.8.1",
            "cpu": "Intel(R) Core(TM) i7-5820K CPU @ 3.30GHz, 3900 MHz (12)"
        }
    },
    "results": {
        "filter": {
            "path": "/benchmarks/array-iteration/filter.js",
            "code": "array.filter(v => {})",
            "simple": {
                "mean": 0.060632384300231934,
                "std": 0.16938402359422583
            },
            "realistic": {
                "mean": 0.39571056270599364,
                "std": 0.954636065046943
            },
            "edge_case": {
                "mean": 3.3951206007003782,
                "std": 8.496055434955888
            }
        },
        "foreach": {
            "path": "/benchmarks/array-iteration/foreach.js",
            "code": "array.forEach(v => {})",
            "simple": {
                "mean": 0.059984421968460086,
                "std": 0.15481832639237217
            },
            "realistic": {
                "mean": 0.3826275203227997,
                "std": 0.849540039131777
            },
            "edge_case": {
                "mean": 3.2960570418834685,
                "std": 8.000951852259188
            }
        },
        "for_in": {
            "path": "/benchmarks/array-iteration/for-in.js",
            "code": "",
            "simple": {
                "mean": 0.009632704257965087,
                "std": 0.031612733004000075
            },
            "realistic": {
                "mean": 0.008491305351257325,
                "std": 0.004558213553278082
            },
            "edge_case": {
                "mean": 0.008595141410827636,
                "std": 0.005073237356066346
            }
        },
        "for": {
            "path": "/benchmarks/array-iteration/for.js",
            "code": "for (let i = 0; i < array.length; i++) {}",
            "simple": {
                "mean": 0.04276192474365234,
                "std": 0.0704467715445753
            },
            "realistic": {
                "mean": 0.3339412670135498,
                "std": 0.46092207222066955
            },
            "edge_case": {
                "mean": 2.623048229932785,
                "std": 0.22788210431470443
            }
        },
        "for_of": {
            "path": "/benchmarks/array-iteration/for-of.js",
            "code": "for (const v of array) {}",
            "simple": {
                "mean": 0.0820775752067566,
                "std": 0.21106806114833715
            },
            "realistic": {
                "mean": 0.6017841658592225,
                "std": 0.6580861167797779
            },
            "edge_case": {
                "mean": 5.218670081615448,
                "std": 0.6502098014101706
            }
        },
        "map": {
            "path": "/benchmarks/array-iteration/map.js",
            "code": "array.map(v => {})",
            "simple": {
                "mean": 0.1871721954345703,
                "std": 0.1919984040041928
            },
            "realistic": {
                "mean": 1.4992259011268616,
                "std": 0.8776772719973001
            },
            "edge_case": {
                "mean": 15.013953359365463,
                "std": 8.772946737591534
            }
        }
    }
}
