{
    "metadata": {
        "config": {
            "name": "array_iteration",
            "description": "Comparing different ways of iterating arrays",
            "related": [
                ""
            ],
            "samples": 1000
        },
        "system": {
            "node_version": "v19.8.1",
            "cpu": "Intel(R) Core(TM) i7-5820K CPU @ 3.30GHz, 3900 MHz (12)"
        }
    },
    "results": {
        "filter": {
            "path": "/benchmarks/array-iteration/filter.js",
            "code": "array.filter(v => {})",
            "simple": {
                "mean": 0.00288765025138855,
                "std": 0.023769314884482983
            },
            "realistic": {
                "mean": 0.011668327808380128,
                "std": 0.004561709892533451
            },
            "edge_case": {
                "mean": 0.10480081439018249,
                "std": 0.010908934000207126
            }
        },
        "foreach": {
            "path": "/benchmarks/array-iteration/foreach.js",
            "code": "array.forEach(v => {})",
            "simple": {
                "mean": 0.00295197057723999,
                "std": 0.02590910634844634
            },
            "realistic": {
                "mean": 0.010766668319702149,
                "std": 0.00469965559209717
            },
            "edge_case": {
                "mean": 0.09725804686546326,
                "std": 0.012951737960145426
            }
        },
        "for_in": {
            "path": "/benchmarks/array-iteration/for-in.js",
            "code": "for (const i in array) {}",
            "simple": {
                "mean": 0.0055021319389343265,
                "std": 0.03373353039843809
            },
            "realistic": {
                "mean": 0.03039349961280823,
                "std": 0.020531373694458493
            },
            "edge_case": {
                "mean": 0.25573493099212646,
                "std": 0.04030100627139179
            }
        },
        "for": {
            "path": "/benchmarks/array-iteration/for.js",
            "code": "for (let i = 0; i < array.length; i++) {}",
            "simple": {
                "mean": 0.0019503166675567626,
                "std": 0.004366814919066991
            },
            "realistic": {
                "mean": 0.007737053155899048,
                "std": 0.028223070231535245
            },
            "edge_case": {
                "mean": 0.015017508268356324,
                "std": 0.03530625461517379
            }
        },
        "for_of": {
            "path": "/benchmarks/array-iteration/for-of.js",
            "code": "for (const v of array) {}",
            "simple": {
                "mean": 0.006469690322875977,
                "std": 0.036596046803113125
            },
            "realistic": {
                "mean": 0.009145363092422485,
                "std": 0.024186447013129643
            },
            "edge_case": {
                "mean": 0.012246537923812867,
                "std": 0.05559991780485894
            }
        },
        "map": {
            "path": "/benchmarks/array-iteration/map.js",
            "code": "array.map(v => {})",
            "simple": {
                "mean": 0.0034640090465545654,
                "std": 0.027747340793417553
            },
            "realistic": {
                "mean": 0.015296471595764161,
                "std": 0.01627447815919294
            },
            "edge_case": {
                "mean": 0.12882955503463744,
                "std": 0.03426591525351814
            }
        }
    }
}
