{
    "metadata": {
        "config": {
            "name": "array_iteration",
            "description": "Comparing different ways of iterating arrays",
            "related": [
                ""
            ],
            "samples": 1000,
            "iterations": 1000
        },
        "system": {
            "node_version": "v19.8.1",
            "cpu": "Intel(R) Core(TM) i7-5820K CPU @ 3.30GHz, 3900 MHz (12)"
        }
    },
    "results": {
        "filter": {
            "path": "/benchmarks/array-iteration/filter.js",
            "code": "array.filter(v => {})",
            "simple": {
                "samples": 963,
                "mean": 0.035069906788096156,
                "std": 0.000014431096165911952
            },
            "realistic": {
                "samples": 943,
                "mean": 0.2799801087033696,
                "std": 0.02244330250384285
            },
            "edge_case": {
                "samples": 806,
                "mean": 2.5777795810468445,
                "std": 0.004520215621335057
            }
        },
        "foreach": {
            "path": "/benchmarks/array-iteration/foreach.js",
            "code": "array.forEach(v => {})",
            "simple": {
                "samples": 940,
                "mean": 0.04144479483351671,
                "std": 0.000016889032040038564
            },
            "realistic": {
                "samples": 539,
                "mean": 0.3141508214231196,
                "std": 0.00004562209537497449
            },
            "edge_case": {
                "samples": 910,
                "mean": 2.57741439288923,
                "std": 0.0035921268132998547
            }
        },
        "for_in": {
            "path": "/benchmarks/array-iteration/for-in.js",
            "code": "// removed... too slow",
            "simple": {
                "samples": 949,
                "mean": 0.007840963913696404,
                "std": 0.00020210805821335937
            },
            "realistic": {
                "samples": 966,
                "mean": 0.008013563449700778,
                "std": 0.00027111355424493626
            },
            "edge_case": {
                "samples": 956,
                "mean": 0.007830588927184405,
                "std": 0.0001454824265069663
            }
        },
        "for": {
            "path": "/benchmarks/array-iteration/for.js",
            "code": "for (let i = 0; i < array.length; i++) {}",
            "simple": {
                "samples": 968,
                "mean": 0.043878261865830555,
                "std": 0.001711154965461408
            },
            "realistic": {
                "samples": 650,
                "mean": 0.31584065963980174,
                "std": 0.000014056640691667568
            },
            "edge_case": {
                "samples": 868,
                "mean": 2.581307663153661,
                "std": 0.008041232265623404
            }
        },
        "for_of": {
            "path": "/benchmarks/array-iteration/for-of.js",
            "code": "for (const v of array) {}",
            "simple": {
                "samples": 900,
                "mean": 0.08260548045724381,
                "std": 0.0003037448834631833
            },
            "realistic": {
                "samples": 757,
                "mean": 0.5314432927116197,
                "std": 0.00014684904217647756
            },
            "edge_case": {
                "samples": 848,
                "mean": 5.160100744613953,
                "std": 0.020605766982702518
            }
        },
        "map": {
            "path": "/benchmarks/array-iteration/map.js",
            "code": "array.map(v => {})",
            "simple": {
                "samples": 980,
                "mean": 0.19399293981042437,
                "std": 0.01875695542856982
            },
            "realistic": {
                "samples": 849,
                "mean": 1.5173751100905923,
                "std": 0.0034461816699298178
            },
            "edge_case": {
                "samples": 900,
                "mean": 15.31782173390652,
                "std": 0.15203286594070925
            }
        }
    }
}
