{
    "metadata": {
        "config": {
            "name": "array_iteration",
            "description": "Comparing different ways of iterating arrays",
            "related": [
                ""
            ],
            "samples": 1000,
            "iterations": 1000
        },
        "system": {
            "node_version": "v19.8.1",
            "cpu": "Intel(R) Core(TM) i7-5820K CPU @ 3.30GHz, 3900 MHz (12)"
        }
    },
    "results": {
        "filter": {
            "path": "/benchmarks/array-iteration/filter.js",
            "code": "array.filter(v => {})",
            "simple": {
                "samples": 965,
                "mean": 0.04144696786137099,
                "std": 0.000020665825442033084
            },
            "realistic": {
                "samples": 989,
                "mean": 0.28858065957148765,
                "std": 0.024167010719411245
            },
            "edge_case": {
                "samples": 942,
                "mean": 2.5841106785153847,
                "std": 0.011043088461134089
            }
        },
        "foreach": {
            "path": "/benchmarks/array-iteration/foreach.js",
            "code": "array.forEach(v => {})",
            "simple": {
                "samples": 832,
                "mean": 0.04145413311945827,
                "std": 0.000024437859960772423
            },
            "realistic": {
                "samples": 851,
                "mean": 0.31456082776567945,
                "std": 0.0008737465225676283
            },
            "edge_case": {
                "samples": 831,
                "mean": 2.584441042707901,
                "std": 0.012331055063804943
            }
        },
        "for_in": {
            "path": "/benchmarks/array-iteration/for-in.js",
            "code": "// removed... too slow",
            "simple": {
                "samples": 974,
                "mean": 0.008599976506755303,
                "std": 0.00047702643880436223
            },
            "realistic": {
                "samples": 914,
                "mean": 0.00754959836821127,
                "std": 0.00015531376953437575
            },
            "edge_case": {
                "samples": 958,
                "mean": 0.007838855292402736,
                "std": 0.00015416372293149607
            }
        },
        "for": {
            "path": "/benchmarks/array-iteration/for.js",
            "code": "for (let i = 0; i < array.length; i++) {}",
            "simple": {
                "samples": 978,
                "mean": 0.04420241894527061,
                "std": 0.0016165256675859585
            },
            "realistic": {
                "samples": 973,
                "mean": 0.2929108337873728,
                "std": 0.025996613976570573
            },
            "edge_case": {
                "samples": 811,
                "mean": 2.5779542233795425,
                "std": 0.004640695221828121
            }
        },
        "for_of": {
            "path": "/benchmarks/array-iteration/for-of.js",
            "code": "for (const v of array) {}",
            "simple": {
                "samples": 952,
                "mean": 0.06988214339348317,
                "std": 0.0002562608381514309
            },
            "realistic": {
                "samples": 769,
                "mean": 0.5314046174567274,
                "std": 0.0002188990294829295
            },
            "edge_case": {
                "samples": 868,
                "mean": 5.1525085268590365,
                "std": 0.0057616877847555805
            }
        },
        "map": {
            "path": "/benchmarks/array-iteration/map.js",
            "code": "array.map(v => {})",
            "simple": {
                "samples": 966,
                "mean": 0.16291547269870194,
                "std": 0.015145578416348891
            },
            "realistic": {
                "samples": 818,
                "mean": 1.5195711621685521,
                "std": 0.012454348368237528
            },
            "edge_case": {
                "samples": 839,
                "mean": 15.217322380353652,
                "std": 0.05644276579356616
            }
        }
    }
}
