{
    "metadata": {
        "config": {
            "name": "array_iteration",
            "description": "Comparing different ways of iterating arrays",
            "related": [],
            "samples": 1000,
            "iterations": 1000
        },
        "system": {
            "node_version": "v19.8.1",
            "cpu": "Intel(R) Core(TM) i7-5820K CPU @ 3.30GHz, 3900 MHz (12)"
        }
    },
    "results": {
        "filter": {
            "path": "/benchmarks//array-iteration/filter.js",
            "code": "array.filter(v => {})",
            "simple": {
                "samples": 900,
                "mean": 0.04172691332797209,
                "std": 0.000047923111010498044
            },
            "realistic": {
                "samples": 656,
                "mean": 0.31444130336053716,
                "std": 0.00005717116996323068
            },
            "edge_case": {
                "samples": 895,
                "mean": 2.5783421932766473,
                "std": 0.0048807970889262284
            }
        },
        "foreach": {
            "path": "/benchmarks//array-iteration/foreach.js",
            "code": "array.forEach(v => {})",
            "simple": {
                "samples": 927,
                "mean": 0.0352895059396775,
                "std": 0.00004349300418295117
            },
            "realistic": {
                "samples": 832,
                "mean": 0.2660698906424491,
                "std": 0.00004100612182198474
            },
            "edge_case": {
                "samples": 808,
                "mean": 2.5759089653424017,
                "std": 0.001627138454936954
            }
        },
        "for_in": {
            "path": "/benchmarks//array-iteration/for-in.js",
            "code": "// removed... too slow",
            "simple": {
                "samples": 927,
                "mean": 0.008445779964761826,
                "std": 0.0001293394839157882
            },
            "realistic": {
                "samples": 907,
                "mean": 0.008449273416002372,
                "std": 0.0001295006270198794
            },
            "edge_case": {
                "samples": 882,
                "mean": 0.008424807236426406,
                "std": 0.0001523890934964446
            }
        },
        "for": {
            "path": "/benchmarks//array-iteration/for.js",
            "code": "for (let i = 0; i < array.length; i++) {}",
            "simple": {
                "samples": 851,
                "mean": 0.04287467328951936,
                "std": 0.0002305080132656284
            },
            "realistic": {
                "samples": 841,
                "mean": 0.31517611179328064,
                "std": 0.00016748910738545355
            },
            "edge_case": {
                "samples": 855,
                "mean": 2.5781414327750865,
                "std": 0.0021399062690521816
            }
        },
        "for_of": {
            "path": "/benchmarks//array-iteration/for-of.js",
            "code": "for (const v of array) {}",
            "simple": {
                "samples": 938,
                "mean": 0.06509759591352235,
                "std": 0.0001228127856226218
            },
            "realistic": {
                "samples": 798,
                "mean": 0.5265846929727659,
                "std": 0.00014184999448794584
            },
            "edge_case": {
                "samples": 918,
                "mean": 5.155340839867239,
                "std": 0.010420723523549526
            }
        },
        "map": {
            "path": "/benchmarks//array-iteration/map.js",
            "code": "array.map(v => {})",
            "simple": {
                "samples": 987,
                "mean": 0.18440313273125536,
                "std": 0.018292067310364053
            },
            "realistic": {
                "samples": 813,
                "mean": 1.3945422361686202,
                "std": 0.011598270641598353
            },
            "edge_case": {
                "samples": 938,
                "mean": 14.010801450957034,
                "std": 0.04705726283916167
            }
        }
    }
}
