{
    "metadata": {
        "config": {
            "name": "array_iteration",
            "description": "Comparing different ways of iterating arrays",
            "related": [
                ""
            ],
            "samples": 1000,
            "iterations": 1000
        },
        "system": {
            "node_version": "v19.8.1",
            "cpu": "Intel(R) Core(TM) i7-5820K CPU @ 3.30GHz, 3900 MHz (12)"
        }
    },
    "results": {
        "filter": {
            "path": "/benchmarks/array-iteration/filter.js",
            "code": "array.filter(v => {})",
            "simple": {
                "samples": 945,
                "mean": 0.04173602477583305,
                "std": 0.00009980919422846699
            },
            "realistic": {
                "samples": 991,
                "mean": 0.30245260995043033,
                "std": 0.025371072763790924
            },
            "edge_case": {
                "samples": 602,
                "mean": 2.57579065834565,
                "std": 0.0001352828042760206
            }
        },
        "foreach": {
            "path": "/benchmarks/array-iteration/foreach.js",
            "code": "array.forEach(v => {})",
            "simple": {
                "samples": 940,
                "mean": 0.035403766276988574,
                "std": 0.00006914385927174669
            },
            "realistic": {
                "samples": 757,
                "mean": 0.31443379608769084,
                "std": 0.00006960442632861261
            },
            "edge_case": {
                "samples": 848,
                "mean": 2.578041951892511,
                "std": 0.004396690310840172
            }
        },
        "for_in": {
            "path": "/benchmarks/array-iteration/for-in.js",
            "code": "// removed... too slow",
            "simple": {
                "samples": 918,
                "mean": 0.00844518992895654,
                "std": 0.00016015771677897452
            },
            "realistic": {
                "samples": 961,
                "mean": 0.008322587246453229,
                "std": 0.00014048045043976617
            },
            "edge_case": {
                "samples": 772,
                "mean": 0.008481049167059863,
                "std": 0.00016237302596788835
            }
        },
        "for": {
            "path": "/benchmarks/array-iteration/for.js",
            "code": "for (let i = 0; i < array.length; i++) {}",
            "simple": {
                "samples": 962,
                "mean": 0.04394625725220742,
                "std": 0.00169297045667237
            },
            "realistic": {
                "samples": 815,
                "mean": 0.2667000840778,
                "std": 0.0001337695442421331
            },
            "edge_case": {
                "samples": 822,
                "mean": 2.577858472392507,
                "std": 0.003729334510691593
            }
        },
        "for_of": {
            "path": "/benchmarks/array-iteration/for-of.js",
            "code": "for (const v of array) {}",
            "simple": {
                "samples": 947,
                "mean": 0.07686721888363927,
                "std": 0.0001358086460770742
            },
            "realistic": {
                "samples": 997,
                "mean": 0.5619520803870505,
                "std": 0.04591257802456612
            },
            "edge_case": {
                "samples": 934,
                "mean": 5.151076033743342,
                "std": 0.00743068553133889
            }
        },
        "map": {
            "path": "/benchmarks/array-iteration/map.js",
            "code": "array.map(v => {})",
            "simple": {
                "samples": 928,
                "mean": 0.1931887757161568,
                "std": 0.02546861260335374
            },
            "realistic": {
                "samples": 818,
                "mean": 1.4180670489891818,
                "std": 0.038598280312265316
            },
            "edge_case": {
                "samples": 951,
                "mean": 14.140529868981314,
                "std": 0.1464693514478654
            }
        }
    }
}
