{
    "metadata": {
        "config": {
            "name": "array_iteration",
            "description": "Comparing different ways of iterating arrays",
            "related": [
                ""
            ],
            "samples": 1000,
            "iterations": 1000
        },
        "system": {
            "node_version": "v19.8.1",
            "cpu": "Intel(R) Core(TM) i7-5820K CPU @ 3.30GHz, 3900 MHz (12)"
        }
    },
    "results": {
        "filter": {
            "path": "/benchmarks/array-iteration/filter.js",
            "code": "array.filter(v => {})",
            "simple": {
                "samples": 908,
                "mean": 0.04145683075128531,
                "std": 0.000020054148473474222
            },
            "realistic": {
                "samples": 716,
                "mean": 0.3141587811759386,
                "std": 0.000020232321280376474
            },
            "edge_case": {
                "samples": 963,
                "mean": 2.6028215644691977,
                "std": 0.030080823359592168
            }
        },
        "foreach": {
            "path": "/benchmarks/array-iteration/foreach.js",
            "code": "array.forEach(v => {})",
            "simple": {
                "samples": 859,
                "mean": 0.04148796981119499,
                "std": 0.000042526801878985846
            },
            "realistic": {
                "samples": 792,
                "mean": 0.3141514672536889,
                "std": 0.000029297189094101645
            },
            "edge_case": {
                "samples": 840,
                "mean": 2.575876060797275,
                "std": 0.001633738189751955
            }
        },
        "for_in": {
            "path": "/benchmarks/array-iteration/for-in.js",
            "code": "// removed... too slow",
            "simple": {
                "samples": 975,
                "mean": 0.008609380025612429,
                "std": 0.00045145688243450067
            },
            "realistic": {
                "samples": 752,
                "mean": 0.006774917121408684,
                "std": 0.00023448358312075113
            },
            "edge_case": {
                "samples": 981,
                "mean": 0.008457368377345145,
                "std": 0.0004773636459629006
            }
        },
        "for": {
            "path": "/benchmarks/array-iteration/for.js",
            "code": "for (let i = 0; i < array.length; i++) {}",
            "simple": {
                "samples": 806,
                "mean": 0.042473372474310066,
                "std": 0.00006652747112132435
            },
            "realistic": {
                "samples": 664,
                "mean": 0.2672675323163059,
                "std": 0.000011179711529428295
            },
            "edge_case": {
                "samples": 857,
                "mean": 2.577123454316552,
                "std": 0.003960113924560962
            }
        },
        "for_of": {
            "path": "/benchmarks/array-iteration/for-of.js",
            "code": "for (const v of array) {}",
            "simple": {
                "samples": 957,
                "mean": 0.08260440056600546,
                "std": 0.00029870135940238265
            },
            "realistic": {
                "samples": 997,
                "mean": 0.8159047910598018,
                "std": 0.06302573090285264
            },
            "edge_case": {
                "samples": 960,
                "mean": 5.157182171890809,
                "std": 0.010480544450536328
            }
        },
        "map": {
            "path": "/benchmarks/array-iteration/map.js",
            "code": "array.map(v => {})",
            "simple": {
                "samples": 980,
                "mean": 0.19321635971967108,
                "std": 0.018203929563879662
            },
            "realistic": {
                "samples": 754,
                "mean": 1.519158918493791,
                "std": 0.00635490048774447
            },
            "edge_case": {
                "samples": 923,
                "mean": 15.341815179126156,
                "std": 0.17350440980847148
            }
        }
    }
}
