{
    "metadata": {
        "config": {
            "name": "array_iteration",
            "description": "Comparing different ways of iterating arrays",
            "related": [
                ""
            ],
            "samples": 1000,
            "iterations": 1000
        },
        "system": {
            "node_version": "v19.8.1",
            "cpu": "Intel(R) Core(TM) i7-5820K CPU @ 3.30GHz, 3900 MHz (12)"
        }
    },
    "results": {
        "filter": {
            "path": "/benchmarks/array-iteration/filter.js",
            "code": "array.filter(v => {})",
            "simple": {
                "samples": 897,
                "mean": 0.041443233124739805,
                "std": 0.000017824887390846417
            },
            "realistic": {
                "samples": 989,
                "mean": 0.29981638239150366,
                "std": 0.022183208343406244
            },
            "edge_case": {
                "samples": 928,
                "mean": 2.5792847938725587,
                "std": 0.005925961050403626
            }
        },
        "foreach": {
            "path": "/benchmarks/array-iteration/foreach.js",
            "code": "array.forEach(v => {})",
            "simple": {
                "samples": 982,
                "mean": 0.04777208893474091,
                "std": 0.006860180591383216
            },
            "realistic": {
                "samples": 974,
                "mean": 0.2961914725336948,
                "std": 0.02516672011522843
            },
            "edge_case": {
                "samples": 913,
                "mean": 2.588534073369338,
                "std": 0.021502660758523817
            }
        },
        "for_in": {
            "path": "/benchmarks/array-iteration/for-in.js",
            "code": "// removed... too slow",
            "simple": {
                "samples": 955,
                "mean": 0.00660446884720089,
                "std": 0.00010595222756821612
            },
            "realistic": {
                "samples": 950,
                "mean": 0.007863671905116063,
                "std": 0.0002099185562721275
            },
            "edge_case": {
                "samples": 749,
                "mean": 0.006619122168876649,
                "std": 0.00014966550450594426
            }
        },
        "for": {
            "path": "/benchmarks/array-iteration/for.js",
            "code": "for (let i = 0; i < array.length; i++) {}",
            "simple": {
                "samples": 843,
                "mean": 0.03593474786940736,
                "std": 0.000054857227503219944
            },
            "realistic": {
                "samples": 778,
                "mean": 0.2674595332596906,
                "std": 0.0008913513625148519
            },
            "edge_case": {
                "samples": 841,
                "mean": 2.5872080758908087,
                "std": 0.021497924489554236
            }
        },
        "for_of": {
            "path": "/benchmarks/array-iteration/for-of.js",
            "code": "for (const v of array) {}",
            "simple": {
                "samples": 970,
                "mean": 0.0698891275648769,
                "std": 0.000256518177518229
            },
            "realistic": {
                "samples": 992,
                "mean": 0.5872963974817375,
                "std": 0.05151434564831241
            },
            "edge_case": {
                "samples": 868,
                "mean": 5.17340053766362,
                "std": 0.03701120035150923
            }
        },
        "map": {
            "path": "/benchmarks/array-iteration/map.js",
            "code": "array.map(v => {})",
            "simple": {
                "samples": 911,
                "mean": 0.1963621775854248,
                "std": 0.021664984746334066
            },
            "realistic": {
                "samples": 989,
                "mean": 1.5979908670713272,
                "std": 0.12130719457251199
            },
            "edge_case": {
                "samples": 828,
                "mean": 15.19409630894538,
                "std": 0.01949563860960651
            }
        }
    }
}
