{
    "metadata": {
        "config": {
            "name": "array_iteration",
            "description": "Comparing different ways of iterating arrays",
            "related": [
                ""
            ],
            "samples": 1000,
            "iterations": 1000
        },
        "system": {
            "node_version": "v19.8.1",
            "cpu": "Intel(R) Core(TM) i7-5820K CPU @ 3.30GHz, 3900 MHz (12)"
        }
    },
    "results": {
        "filter": {
            "path": "/benchmarks/array-iteration/filter.js",
            "code": "array.filter(v => {})",
            "simple": {
                "samples": 953,
                "mean": 0.032887312967876704,
                "std": 0.000016719811464430715
            },
            "realistic": {
                "samples": 898,
                "mean": 0.25969593868867274,
                "std": 0.00003365527640950654
            },
            "edge_case": {
                "samples": 876,
                "mean": 2.5745606375019916,
                "std": 0.010256280051555614
            }
        },
        "foreach": {
            "path": "/benchmarks/array-iteration/foreach.js",
            "code": "array.forEach(v => {})",
            "simple": {
                "samples": 950,
                "mean": 0.03360479299134408,
                "std": 0.00007526403874642923
            },
            "realistic": {
                "samples": 914,
                "mean": 0.25833948157398906,
                "std": 0.0022772260317422215
            },
            "edge_case": {
                "samples": 818,
                "mean": 2.5675522419167134,
                "std": 0.0012410392007019355
            }
        },
        "for_in": {
            "path": "/benchmarks/array-iteration/for-in.js",
            "code": "// removed... too slow",
            "simple": {
                "samples": 959,
                "mean": 0.0009375389912599401,
                "std": 0.00011025107304009292
            },
            "realistic": {
                "samples": 937,
                "mean": 0.0006870289815479192,
                "std": 0.00013823008579164637
            },
            "edge_case": {
                "samples": 998,
                "mean": -0.0006509375222399144,
                "std": 0.005184873128223841
            }
        },
        "for": {
            "path": "/benchmarks/array-iteration/for.js",
            "code": "for (let i = 0; i < array.length; i++) {}",
            "simple": {
                "samples": 963,
                "mean": 0.03556128211714012,
                "std": 0.0016043626057372922
            },
            "realistic": {
                "samples": 821,
                "mean": 0.306503730984545,
                "std": 0.000040120931867592153
            },
            "edge_case": {
                "samples": 907,
                "mean": 2.5909432133137598,
                "std": 0.02720320469906039
            }
        },
        "for_of": {
            "path": "/benchmarks/array-iteration/for-of.js",
            "code": "for (const v of array) {}",
            "simple": {
                "samples": 934,
                "mean": 0.06228514792089846,
                "std": 0.0002539182832734854
            },
            "realistic": {
                "samples": 839,
                "mean": 0.5183893730735363,
                "std": 0.0008870732544280767
            },
            "edge_case": {
                "samples": 886,
                "mean": 5.149341386480025,
                "std": 0.011055193175777541
            }
        },
        "map": {
            "path": "/benchmarks/array-iteration/map.js",
            "code": "array.map(v => {})",
            "simple": {
                "samples": 963,
                "mean": 0.18202967605004258,
                "std": 0.019204012887476238
            },
            "realistic": {
                "samples": 922,
                "mean": 1.517050064419826,
                "std": 0.018277087076124934
            },
            "edge_case": {
                "samples": 899,
                "mean": 15.413053656844175,
                "std": 0.2817218133756942
            }
        }
    }
}
