{
    "metadata": {
        "config": {
            "name": "array_iteration",
            "description": "Comparing different ways of iterating arrays",
            "related": [
                ""
            ],
            "samples": 1000,
            "iterations": 1000
        },
        "system": {
            "node_version": "v19.8.1",
            "cpu": "Intel(R) Core(TM) i7-5820K CPU @ 3.30GHz, 3900 MHz (12)"
        }
    },
    "results": {
        "filter": {
            "path": "/benchmarks/array-iteration/filter.js",
            "code": "array.filter(v => {})",
            "simple": {
                "samples": 943,
                "mean": 0.04143296840444439,
                "std": 0.00001841774750355982
            },
            "realistic": {
                "samples": 898,
                "mean": 0.26586739523854974,
                "std": 0.000042834573740311015
            },
            "edge_case": {
                "samples": 864,
                "mean": 2.5772710156125886,
                "std": 0.00301512750399823
            }
        },
        "foreach": {
            "path": "/benchmarks/array-iteration/foreach.js",
            "code": "array.forEach(v => {})",
            "simple": {
                "samples": 885,
                "mean": 0.035103407367058664,
                "std": 0.000032862877903475534
            },
            "realistic": {
                "samples": 664,
                "mean": 0.3141908741261149,
                "std": 0.00006622818729537859
            },
            "edge_case": {
                "samples": 880,
                "mean": 2.5808148953047656,
                "std": 0.007721436601341228
            }
        },
        "for_in": {
            "path": "/benchmarks/array-iteration/for-in.js",
            "code": "// removed... too slow",
            "simple": {
                "samples": 958,
                "mean": 0.006637610412894736,
                "std": 0.0001385981987262849
            },
            "realistic": {
                "samples": 957,
                "mean": 0.006375007832853575,
                "std": 0.00013139426680952487
            },
            "edge_case": {
                "samples": 918,
                "mean": 0.007830673780015215,
                "std": 0.00014097056533856047
            }
        },
        "for": {
            "path": "/benchmarks/array-iteration/for.js",
            "code": "for (let i = 0; i < array.length; i++) {}",
            "simple": {
                "samples": 864,
                "mean": 0.04243223443850876,
                "std": 0.00006443488634403753
            },
            "realistic": {
                "samples": 693,
                "mean": 0.26724485819330807,
                "std": 0.000020416458239046398
            },
            "edge_case": {
                "samples": 858,
                "mean": 2.5824749411542243,
                "std": 0.008072783757623731
            }
        },
        "for_of": {
            "path": "/benchmarks/array-iteration/for-of.js",
            "code": "for (const v of array) {}",
            "simple": {
                "samples": 966,
                "mean": 0.06988453580797986,
                "std": 0.00025674262459075804
            },
            "realistic": {
                "samples": 997,
                "mean": 0.5860864418904002,
                "std": 0.04881354476328115
            },
            "edge_case": {
                "samples": 821,
                "mean": 5.150709653858841,
                "std": 0.001787975910478761
            }
        },
        "map": {
            "path": "/benchmarks/array-iteration/map.js",
            "code": "array.map(v => {})",
            "simple": {
                "samples": 976,
                "mean": 0.1646858633851343,
                "std": 0.016683280607363866
            },
            "realistic": {
                "samples": 755,
                "mean": 1.5145622886185977,
                "std": 0.003989367239614105
            },
            "edge_case": {
                "samples": 884,
                "mean": 15.454101282799748,
                "std": 0.25048642732138116
            }
        }
    }
}
