{
    "metadata": {
        "config": {
            "name": "array_iteration",
            "description": "Comparing different ways of iterating arrays",
            "related": [
                ""
            ],
            "samples": 1000,
            "iterations": 1000
        },
        "system": {
            "node_version": "v19.8.1",
            "cpu": "Intel(R) Core(TM) i7-5820K CPU @ 3.30GHz, 3900 MHz (12)"
        }
    },
    "results": {
        "filter": {
            "path": "/benchmarks/array-iteration/filter.js",
            "code": "array.filter(v => {})",
            "simple": {
                "samples": 921,
                "mean": 0.041449127038600576,
                "std": 0.00001665231422931449
            },
            "realistic": {
                "samples": 985,
                "mean": 0.3244859525845219,
                "std": 0.06532493060860689
            },
            "edge_case": {
                "samples": 837,
                "mean": 2.5999291906914404,
                "std": 0.027468104916920047
            }
        },
        "foreach": {
            "path": "/benchmarks/array-iteration/foreach.js",
            "code": "array.forEach(v => {})",
            "simple": {
                "samples": 959,
                "mean": 0.04144243530316609,
                "std": 0.000017415206375417205
            },
            "realistic": {
                "samples": 990,
                "mean": 0.2897840563255008,
                "std": 0.024169559971339672
            },
            "edge_case": {
                "samples": 666,
                "mean": 2.5759842888064153,
                "std": 0.0005161177555963133
            }
        },
        "for_in": {
            "path": "/benchmarks/array-iteration/for-in.js",
            "code": "// removed... too slow",
            "simple": {
                "samples": 944,
                "mean": 0.00780372437569144,
                "std": 0.00014415359440791685
            },
            "realistic": {
                "samples": 948,
                "mean": 0.007515025489334687,
                "std": 0.00015785573927822047
            },
            "edge_case": {
                "samples": 873,
                "mean": 0.008518776602469844,
                "std": 0.0005082427097390847
            }
        },
        "for": {
            "path": "/benchmarks/array-iteration/for.js",
            "code": "for (let i = 0; i < array.length; i++) {}",
            "simple": {
                "samples": 978,
                "mean": 0.03671089776421917,
                "std": 0.0012904406092833203
            },
            "realistic": {
                "samples": 734,
                "mean": 0.3158279034325603,
                "std": 0.000037980178834452115
            },
            "edge_case": {
                "samples": 882,
                "mean": 2.580624483478127,
                "std": 0.00679006709448313
            }
        },
        "for_of": {
            "path": "/benchmarks/array-iteration/for-of.js",
            "code": "for (const v of array) {}",
            "simple": {
                "samples": 937,
                "mean": 0.08260158682815784,
                "std": 0.00030572848678915213
            },
            "realistic": {
                "samples": 894,
                "mean": 0.7773141905845368,
                "std": 0.0012824169049276888
            },
            "edge_case": {
                "samples": 855,
                "mean": 5.156518953206192,
                "std": 0.012211661997313267
            }
        },
        "map": {
            "path": "/benchmarks/array-iteration/map.js",
            "code": "array.map(v => {})",
            "simple": {
                "samples": 977,
                "mean": 0.1629433971584204,
                "std": 0.014939726201654334
            },
            "realistic": {
                "samples": 783,
                "mean": 1.5126916192135569,
                "std": 0.013201019930792816
            },
            "edge_case": {
                "samples": 950,
                "mean": 15.208791779197421,
                "std": 0.023826426642796234
            }
        }
    }
}
