{
    "metadata": {
        "config": {
            "name": "object_values_mapping",
            "description": "Mapping object values",
            "related": [
                "object-keys-mapping",
                "array-iteration"
            ],
            "samples": 1000,
            "iterations": 10000
        },
        "system": {
            "node_version": "v19.8.1",
            "cpu": "Intel(R) Core(TM) i7-5820K CPU @ 3.30GHz, 3900 MHz (12)"
        }
    },
    "results": {
        "for_key": {
            "path": "/benchmarks//object-values-mapping/for-key.js",
            "code": "let values = [];\n\nfor (const key in object) {\n    values.push(object[key])\n}",
            "simple": {
                "samples": 780,
                "mean": 0.46228197599068666,
                "std": 0.0033496669913658434
            },
            "realistic": {
                "samples": 773,
                "mean": 0.627662145150741,
                "std": 0.0062330487279222396
            },
            "edge_case": {
                "samples": 873,
                "mean": 1.9617525643635998,
                "std": 0.015708189289821026
            }
        },
        "object_values": {
            "path": "/benchmarks//object-values-mapping/object-values.js",
            "code": "let values = Object.values(object)",
            "simple": {
                "samples": 947,
                "mean": 1.3694036794942435,
                "std": 0.029367889656129572
            },
            "realistic": {
                "samples": 903,
                "mean": 1.7488134921191143,
                "std": 0.030630099937636313
            },
            "edge_case": {
                "samples": 833,
                "mean": 3.442146594069299,
                "std": 0.03004452287499398
            }
        }
    }
}
