{
    "metadata": {
        "config": {
            "name": "object_values_mapping",
            "description": "Mapping object values",
            "related": [
                "object-keys-mapping",
                "array-iteration"
            ],
            "samples": 1000,
            "iterations": 10000
        },
        "system": {
            "node_version": "v19.8.1",
            "cpu": "Intel(R) Core(TM) i7-5820K CPU @ 3.30GHz, 3900 MHz (12)"
        }
    },
    "results": {
        "for_key": {
            "path": "/benchmarks/object-values-mapping/for-key.js",
            "code": "let values = [];\n\nfor (const key in object) {\n    values.push(object[key])\n}",
            "simple": {
                "samples": 976,
                "mean": 0.46328995667506817,
                "std": 0.04086818350188049
            },
            "realistic": {
                "samples": 791,
                "mean": 0.6247647677277133,
                "std": 0.0036609296615194814
            },
            "edge_case": {
                "samples": 733,
                "mean": 1.6821643210018238,
                "std": 0.003892238735936679
            }
        },
        "object_values": {
            "path": "/benchmarks/object-values-mapping/object-values.js",
            "code": "let values = Object.values(object)",
            "simple": {
                "samples": 941,
                "mean": 1.3465083759474763,
                "std": 0.03245973192006405
            },
            "realistic": {
                "samples": 867,
                "mean": 1.7372349724830758,
                "std": 0.026100756014610604
            },
            "edge_case": {
                "samples": 806,
                "mean": 3.4528418439863278,
                "std": 0.02750758015055376
            }
        }
    }
}
