{
    "metadata": {
        "config": {
            "name": "json",
            "description": "testing JSON methods",
            "related": [],
            "samples": 1000,
            "iterations": 10000
        },
        "system": {
            "node_version": "v19.8.1",
            "cpu": "Intel(R) Core(TM) i7-5820K CPU @ 3.30GHz, 3900 MHz (12)"
        }
    },
    "results": {
        "json_parse": {
            "path": "/benchmarks//json/json-parse.js",
            "code": "JSON.parse(json)",
            "simple": {
                "samples": 909,
                "mean": 3.16315309128471,
                "std": 0.020491186003604025
            },
            "realistic": {
                "samples": 976,
                "mean": 14.72382267621884,
                "std": 0.09705469461778193
            },
            "edge_case": {
                "samples": 951,
                "mean": 38.267629310194906,
                "std": 0.10926197746403932
            }
        },
        "json_stringify": {
            "path": "/benchmarks//json/json-stringify.js",
            "code": "JSON.stringify(object)",
            "simple": {
                "samples": 868,
                "mean": 2.325420735029435,
                "std": 0.021788130187791584
            },
            "realistic": {
                "samples": 971,
                "mean": 13.799228961885467,
                "std": 0.05224093183410906
            },
            "edge_case": {
                "samples": 918,
                "mean": 38.77092768624729,
                "std": 0.4951557917491301
            }
        }
    }
}
