{
    "metadata": {
        "config": {
            "name": "string_manipulation",
            "description": "Comparing string manipulation methods",
            "related": [
                ""
            ],
            "samples": 1000,
            "iterations": 50000
        },
        "system": {
            "node_version": "v19.8.1",
            "cpu": "Intel(R) Core(TM) i7-5820K CPU @ 3.30GHz, 3900 MHz (12)"
        }
    },
    "results": {
        "array_join": {
            "path": "/benchmarks/string-manipulation/array-join.js",
            "code": "[string, other_string].join(\"\")",
            "simple": {
                "samples": 818,
                "mean": 3.53005854861952,
                "std": 0.06419918795467609
            },
            "realistic": {
                "samples": 894,
                "mean": 3.702238749604364,
                "std": 0.09826344271102358
            },
            "edge_case": {
                "samples": 871,
                "mean": 4.052684935581807,
                "std": 0.09412089905400305
            }
        },
        "backticks": {
            "path": "/benchmarks/string-manipulation/backticks.js",
            "code": "`${string}${other_string}`",
            "simple": {
                "samples": 763,
                "mean": 0.273212220690666,
                "std": 0.0001395978106390342
            },
            "realistic": {
                "samples": 950,
                "mean": 0.2642676880485133,
                "std": 0.008061174461570897
            },
            "edge_case": {
                "samples": 699,
                "mean": 0.27313218062186617,
                "std": 0.0022596008717472894
            }
        },
        "concatenation": {
            "path": "/benchmarks/string-manipulation/concatenation.js",
            "code": "string + other_string",
            "simple": {
                "samples": 974,
                "mean": 0.015515788135097746,
                "std": 0.0001221457610998954
            },
            "realistic": {
                "samples": 961,
                "mean": 0.015535069802053016,
                "std": 0.00010342087913610331
            },
            "edge_case": {
                "samples": 978,
                "mean": 0.015529655727628306,
                "std": 0.0001041000307171237
            }
        }
    }
}
