{
    "metadata": {
        "config": {
            "name": "string_manipulation",
            "description": "Comparing string manipulation methods",
            "related": [
                "object-keys-mapping",
                "array-iteration"
            ],
            "samples": 1000,
            "iterations": 50000
        },
        "system": {
            "node_version": "v19.8.1",
            "cpu": "Intel(R) Core(TM) i7-5820K CPU @ 3.30GHz, 3900 MHz (12)"
        }
    },
    "results": {
        "array_join": {
            "path": "/benchmarks//string-manipulation/array-join.js",
            "code": "let s = [string, other_string].join(\"\")",
            "simple": {
                "samples": 879,
                "mean": 3.4145940386258973,
                "std": 0.028929236860338336
            },
            "realistic": {
                "samples": 920,
                "mean": 3.566252980284069,
                "std": 0.044562356585117466
            },
            "edge_case": {
                "samples": 834,
                "mean": 3.891664388082582,
                "std": 0.03996445921670409
            }
        },
        "backticks": {
            "path": "/benchmarks//string-manipulation/backticks.js",
            "code": "let s = `${string}${other_string}`",
            "simple": {
                "samples": 803,
                "mean": 0.23140340783676205,
                "std": 0.000813685483420539
            },
            "realistic": {
                "samples": 816,
                "mean": 0.23118944261588303,
                "std": 0.00013586493929123095
            },
            "edge_case": {
                "samples": 991,
                "mean": 0.24241125403210806,
                "std": 0.024323403778020176
            }
        },
        "concatenation": {
            "path": "/benchmarks//string-manipulation/concatenation.js",
            "code": "let s = string + other_string",
            "simple": {
                "samples": 919,
                "mean": 0.01315979988712481,
                "std": 0.000058707626885326234
            },
            "realistic": {
                "samples": 930,
                "mean": 0.015549182122753512,
                "std": 0.00007724602326753888
            },
            "edge_case": {
                "samples": 968,
                "mean": 0.015511359557632573,
                "std": 0.00012758915043659214
            }
        }
    }
}
