{
    "metadata": {
        "config": {
            "name": "string_manipulation",
            "description": "Comparing string manipulation methods",
            "related": [
                ""
            ],
            "samples": 1000,
            "iterations": 50000
        },
        "system": {
            "node_version": "v19.8.1",
            "cpu": "Intel(R) Core(TM) i7-5820K CPU @ 3.30GHz, 3900 MHz (12)"
        }
    },
    "results": {
        "array_join": {
            "path": "/benchmarks/string-manipulation/array-join.js",
            "code": "[string, other_string].join(\"\")",
            "simple": {
                "samples": 915,
                "mean": 3.5526293273965486,
                "std": 0.2253188525503792
            },
            "realistic": {
                "samples": 804,
                "mean": 3.5512964432917054,
                "std": 0.07125724646587074
            },
            "edge_case": {
                "samples": 853,
                "mean": 3.9116947395070634,
                "std": 0.06011626899102079
            }
        },
        "backticks": {
            "path": "/benchmarks/string-manipulation/backticks.js",
            "code": "`${string}${other_string}`",
            "simple": {
                "samples": 774,
                "mean": 0.2575662323610842,
                "std": 0.0006438505302784542
            },
            "realistic": {
                "samples": 900,
                "mean": 0.2306528244772568,
                "std": 0.000007646069747871706
            },
            "edge_case": {
                "samples": 834,
                "mean": 0.21784445271037464,
                "std": 0.00001050040090229019
            }
        },
        "concatenation": {
            "path": "/benchmarks/string-manipulation/concatenation.js",
            "code": "string + other_string",
            "simple": {
                "samples": 862,
                "mean": 0.014903318039984249,
                "std": 0.0000052696874157791495
            },
            "realistic": {
                "samples": 909,
                "mean": 0.014896898044310571,
                "std": 0.000004011604644984562
            },
            "edge_case": {
                "samples": 958,
                "mean": 0.014907624001622748,
                "std": 0.000003846426147621547
            }
        }
    }
}
