{
    "metadata": {
        "config": {
            "name": "string_manipulation",
            "description": "Comparing string manipulation methods",
            "related": [
                ""
            ],
            "samples": 1000,
            "iterations": 50000
        },
        "system": {
            "node_version": "v19.8.1",
            "cpu": "Intel(R) Core(TM) i7-5820K CPU @ 3.30GHz, 3900 MHz (12)"
        }
    },
    "results": {
        "array_join": {
            "path": "/benchmarks/string-manipulation/array-join.js",
            "code": "[string, other_string].join(\"\")",
            "simple": {
                "mean": 3.6219547820091247,
                "std": 0.31266472731993084
            },
            "realistic": {
                "mean": 3.6807000432014467,
                "std": 0.365938155189785
            },
            "edge_case": {
                "mean": 4.173366092443466,
                "std": 0.61484077248677
            }
        },
        "backticks": {
            "path": "/benchmarks/string-manipulation/backticks.js",
            "code": "`${string}${other_string}`",
            "simple": {
                "mean": 0.29922440004348755,
                "std": 0.157659193571715
            },
            "realistic": {
                "mean": 0.2783311786651611,
                "std": 0.11377382908197045
            },
            "edge_case": {
                "mean": 0.28930421257019046,
                "std": 0.114050386419914
            }
        },
        "concatenation": {
            "path": "/benchmarks/string-manipulation/concatenation.js",
            "code": "string + other_string",
            "simple": {
                "mean": 0.02435509991645813,
                "std": 0.12854765486565
            },
            "realistic": {
                "mean": 0.0223110830783844,
                "std": 0.09808036707276765
            },
            "edge_case": {
                "mean": 0.022776107549667357,
                "std": 0.10401758390807928
            }
        }
    }
}
