{
    "metadata": {
        "config": {
            "name": "string_manipulation",
            "description": "Comparing string manipulation methods",
            "related": [
                ""
            ],
            "samples": 1000,
            "iterations": 50000
        },
        "system": {
            "node_version": "v19.8.1",
            "cpu": "Intel(R) Core(TM) i7-5820K CPU @ 3.30GHz, 3900 MHz (12)"
        }
    },
    "results": {
        "array_join": {
            "path": "/benchmarks/string-manipulation/array-join.js",
            "code": "let s = [string, other_string].join(\"\")",
            "simple": {
                "samples": 907,
                "mean": 3.570203655478447,
                "std": 0.20924205706120583
            },
            "realistic": {
                "samples": 949,
                "mean": 3.844152557586091,
                "std": 0.41879188837334796
            },
            "edge_case": {
                "samples": 952,
                "mean": 4.086762425278415,
                "std": 0.259142584054418
            }
        },
        "backticks": {
            "path": "/benchmarks/string-manipulation/backticks.js",
            "code": "let s = `${string}${other_string}`",
            "simple": {
                "samples": 888,
                "mean": 0.2770328876134512,
                "std": 0.007471302218257955
            },
            "realistic": {
                "samples": 838,
                "mean": 0.27500110366748454,
                "std": 0.004213077219620524
            },
            "edge_case": {
                "samples": 897,
                "mean": 0.2714935696643332,
                "std": 0.009951242155755036
            }
        },
        "concatenation": {
            "path": "/benchmarks/string-manipulation/concatenation.js",
            "code": "let s = string + other_string",
            "simple": {
                "samples": 910,
                "mean": 0.015555782894511799,
                "std": 0.00009211976449230544
            },
            "realistic": {
                "samples": 919,
                "mean": 0.015541092226113537,
                "std": 0.00012971903620234078
            },
            "edge_case": {
                "samples": 875,
                "mean": 0.015554377964564731,
                "std": 0.0000999744988757102
            }
        }
    }
}
