{
    "metadata": {
        "config": {
            "name": "string_manipulation",
            "description": "Comparing string manipulation methods",
            "related": [
                ""
            ],
            "samples": 1000,
            "iterations": 50000
        },
        "system": {
            "node_version": "v19.8.1",
            "cpu": "Intel(R) Core(TM) i7-5820K CPU @ 3.30GHz, 3900 MHz (12)"
        }
    },
    "results": {
        "array_join": {
            "path": "/benchmarks/string-manipulation/array-join.js",
            "code": "[string, other_string].join(\"\")",
            "simple": {
                "samples": 870,
                "mean": 3.441944608928313,
                "std": 0.04599514439603407
            },
            "realistic": {
                "samples": 892,
                "mean": 3.6243402299048393,
                "std": 0.09635795682238102
            },
            "edge_case": {
                "samples": 911,
                "mean": 4.145392811487255,
                "std": 0.33856933049028265
            }
        },
        "backticks": {
            "path": "/benchmarks/string-manipulation/backticks.js",
            "code": "`${string}${other_string}`",
            "simple": {
                "samples": 846,
                "mean": 0.2668431524872828,
                "std": 0.003840302163247568
            },
            "realistic": {
                "samples": 951,
                "mean": 0.26193513690524134,
                "std": 0.007610991854848419
            },
            "edge_case": {
                "samples": 947,
                "mean": 0.2634382222888695,
                "std": 0.009490127623843301
            }
        },
        "concatenation": {
            "path": "/benchmarks/string-manipulation/concatenation.js",
            "code": "string + other_string",
            "simple": {
                "samples": 944,
                "mean": 0.01490938434600006,
                "std": 0.000004615175625234296
            },
            "realistic": {
                "samples": 950,
                "mean": 0.014899678458950518,
                "std": 0.000003809398422703887
            },
            "edge_case": {
                "samples": 949,
                "mean": 0.014901783899450467,
                "std": 0.000004068873710376835
            }
        }
    }
}
