{
    "metadata": {
        "config": {
            "name": "string_manipulation",
            "description": "Comparing string manipulation methods",
            "related": [
                ""
            ],
            "samples": 1000,
            "iterations": 50000
        },
        "system": {
            "node_version": "v19.8.1",
            "cpu": "Intel(R) Core(TM) i7-5820K CPU @ 3.30GHz, 3900 MHz (12)"
        }
    },
    "results": {
        "array_join": {
            "path": "/benchmarks/string-manipulation/array-join.js",
            "code": "[string, other_string].join(\"\")",
            "simple": {
                "mean": 3.510627250636109,
                "std": 0.02310070204015171
            },
            "realistic": {
                "mean": 3.7019229521601584,
                "std": 0.08953539754109135
            },
            "edge_case": {
                "mean": 4.246325985709233,
                "std": 0.33908379426584034
            }
        },
        "backticks": {
            "path": "/benchmarks/string-manipulation/backticks.js",
            "code": "`${string}${other_string}`",
            "simple": {
                "mean": 0.22765109282198961,
                "std": 0.006141150179656589
            },
            "realistic": {
                "mean": 0.23130476309575881,
                "std": 0.0002627237032354406
            },
            "edge_case": {
                "mean": 0.2665356215279507,
                "std": 0.0077963455586889776
            }
        },
        "concatenation": {
            "path": "/benchmarks/string-manipulation/concatenation.js",
            "code": "string + other_string",
            "simple": {
                "mean": 0.013119948609926073,
                "std": 0.0001121939131581219
            },
            "realistic": {
                "mean": 0.013155234925915991,
                "std": 0.00007405538476186051
            },
            "edge_case": {
                "mean": 0.013146640828502741,
                "std": 0.00009179565428565529
            }
        }
    }
}
