{
    "metadata": {
        "config": {
            "name": "string_manipulation",
            "description": "Comparing string manipulation methods",
            "related": [
                ""
            ],
            "samples": 1000,
            "iterations": 10000
        },
        "system": {
            "node_version": "v19.8.1",
            "cpu": "Intel(R) Core(TM) i7-5820K CPU @ 3.30GHz, 3900 MHz (12)"
        }
    },
    "results": {
        "array_join": {
            "path": "/benchmarks/string-manipulation/array-join.js",
            "code": "[other_string, string, other_string].join()",
            "simple": {
                "mean": 1.1973522727489472,
                "std": 0.1464975008008907
            },
            "realistic": {
                "mean": 1.2322150509357452,
                "std": 0.14896457119441503
            },
            "edge_case": {
                "mean": 1.3222449793815614,
                "std": 0.1672046729911029
            }
        },
        "backticks": {
            "path": "/benchmarks/string-manipulation/backticks.js",
            "code": "`${other_string}${string}${other_string}`",
            "simple": {
                "mean": 0.1874343247413635,
                "std": 0.07349502151408972
            },
            "realistic": {
                "mean": 0.11904778385162354,
                "std": 0.05776182908824997
            },
            "edge_case": {
                "mean": 0.14150126838684082,
                "std": 0.07796684294484174
            }
        },
        "concatenation": {
            "path": "/benchmarks/string-manipulation/concatenation.js",
            "code": "other_string + string + other_string",
            "simple": {
                "mean": 0.008218482494354248,
                "std": 0.06411921741966077
            },
            "realistic": {
                "mean": 0.011328313112258912,
                "std": 0.06582461357524053
            },
            "edge_case": {
                "mean": 0.009853861570358276,
                "std": 0.06118148622688886
            }
        }
    }
}
