{
    "metadata": {
        "config": {
            "name": "string_manipulation",
            "description": "Comparing string manipulation methods",
            "related": [
                ""
            ],
            "samples": 1000,
            "iterations": 50000
        },
        "system": {
            "node_version": "v19.8.1",
            "cpu": "Intel(R) Core(TM) i7-5820K CPU @ 3.30GHz, 3900 MHz (12)"
        }
    },
    "results": {
        "array_join": {
            "path": "/benchmarks/string-manipulation/array-join.js",
            "code": "[string, other_string].join(\"\")",
            "simple": {
                "samples": 890,
                "mean": 3.533899233466491,
                "std": 0.05955408952007335
            },
            "realistic": {
                "samples": 789,
                "mean": 3.629234670306459,
                "std": 0.037236844828491295
            },
            "edge_case": {
                "samples": 821,
                "mean": 3.9612520034136187,
                "std": 0.12411449841358405
            }
        },
        "backticks": {
            "path": "/benchmarks/string-manipulation/backticks.js",
            "code": "`${string}${other_string}`",
            "simple": {
                "samples": 807,
                "mean": 0.2725821724348432,
                "std": 0.000009994801171139182
            },
            "realistic": {
                "samples": 978,
                "mean": 0.2632859629932564,
                "std": 0.007570171553987873
            },
            "edge_case": {
                "samples": 830,
                "mean": 0.2306367019787376,
                "std": 0.0000073558946186480496
            }
        },
        "concatenation": {
            "path": "/benchmarks/string-manipulation/concatenation.js",
            "code": "string + other_string",
            "simple": {
                "samples": 786,
                "mean": 0.01491017271258713,
                "std": 0.000005181501626244899
            },
            "realistic": {
                "samples": 862,
                "mean": 0.012612044259324837,
                "std": 0.000004730878272246755
            },
            "edge_case": {
                "samples": 871,
                "mean": 0.014910800333822504,
                "std": 0.000004565965508125612
            }
        }
    }
}
