{
    "metadata": {
        "config": {
            "name": "string_manipulation",
            "description": "Comparing string manipulation methods",
            "related": [
                ""
            ],
            "samples": 1000,
            "iterations": 50000
        },
        "system": {
            "node_version": "v19.8.1",
            "cpu": "Intel(R) Core(TM) i7-5820K CPU @ 3.30GHz, 3900 MHz (12)"
        }
    },
    "results": {
        "array_join": {
            "path": "/benchmarks/string-manipulation/array-join.js",
            "code": "let s = [string, other_string].join(\"\")",
            "simple": {
                "samples": 864,
                "mean": 3.4684324212096356,
                "std": 0.06772318925141975
            },
            "realistic": {
                "samples": 895,
                "mean": 3.593871785275763,
                "std": 0.04232646447514327
            },
            "edge_case": {
                "samples": 835,
                "mean": 3.9134038022892206,
                "std": 0.03619984124867568
            }
        },
        "backticks": {
            "path": "/benchmarks/string-manipulation/backticks.js",
            "code": "let s = `${string}${other_string}`",
            "simple": {
                "samples": 913,
                "mean": 0.27539510298663133,
                "std": 0.003911566493496377
            },
            "realistic": {
                "samples": 821,
                "mean": 0.2732355423298881,
                "std": 0.0001765276099630554
            },
            "edge_case": {
                "samples": 929,
                "mean": 0.25006124945066716,
                "std": 0.02381456508000281
            }
        },
        "concatenation": {
            "path": "/benchmarks/string-manipulation/concatenation.js",
            "code": "let s = string + other_string",
            "simple": {
                "samples": 958,
                "mean": 0.015516457826459084,
                "std": 0.00012128976987683687
            },
            "realistic": {
                "samples": 956,
                "mean": 0.01555025577545166,
                "std": 0.00008810204499291951
            },
            "edge_case": {
                "samples": 953,
                "mean": 0.01555488367270823,
                "std": 0.0000874052046927754
            }
        }
    }
}
