{
    "metadata": {
        "config": {
            "name": "string_manipulation",
            "description": "Comparing string manipulation methods",
            "related": [
                ""
            ],
            "samples": 1000,
            "iterations": 50000
        },
        "system": {
            "node_version": "v19.8.1",
            "cpu": "Intel(R) Core(TM) i7-5820K CPU @ 3.30GHz, 3900 MHz (12)"
        }
    },
    "results": {
        "array_join": {
            "path": "/benchmarks/string-manipulation/array-join.js",
            "code": "[other_string, string, other_string].join(\"\")",
            "simple": {
                "mean": 4.461971490859986,
                "std": 0.6186518990376048
            },
            "realistic": {
                "mean": 4.60594630241394,
                "std": 0.6929009104848787
            },
            "edge_case": {
                "mean": 4.984532964468002,
                "std": 0.47270467882743095
            }
        },
        "backticks": {
            "path": "/benchmarks/string-manipulation/backticks.js",
            "code": "`${other_string}${string}${other_string}`",
            "simple": {
                "mean": 0.8244940612316132,
                "std": 0.15895189579435193
            },
            "realistic": {
                "mean": 0.5853413226604461,
                "std": 0.15675507426163146
            },
            "edge_case": {
                "mean": 0.5895311875343323,
                "std": 0.15217861898398236
            }
        },
        "concatenation": {
            "path": "/benchmarks/string-manipulation/concatenation.js",
            "code": "other_string + string + other_string",
            "simple": {
                "mean": 0.024994944334030152,
                "std": 0.16221394811233247
            },
            "realistic": {
                "mean": 0.027004734754562377,
                "std": 0.15447987987918055
            },
            "edge_case": {
                "mean": 0.03436288094520569,
                "std": 0.18245734319179613
            }
        }
    }
}
