{
    "metadata": {
        "config": {
            "name": "string_manipulation",
            "description": "Comparing string manipulation methods",
            "related": [
                ""
            ],
            "samples": 1000,
            "iterations": 50000
        },
        "system": {
            "node_version": "v19.8.1",
            "cpu": "Intel(R) Core(TM) i7-5820K CPU @ 3.30GHz, 3900 MHz (12)"
        }
    },
    "results": {
        "array_join": {
            "path": "/benchmarks/string-manipulation/array-join.js",
            "code": "let s = [string, other_string].join(\"\")",
            "simple": {
                "samples": 862,
                "mean": 3.40613504684165,
                "std": 0.028354267673666646
            },
            "realistic": {
                "samples": 794,
                "mean": 3.476953192381775,
                "std": 0.004319801977667793
            },
            "edge_case": {
                "samples": 965,
                "mean": 3.994271991166426,
                "std": 0.02118120002550133
            }
        },
        "backticks": {
            "path": "/benchmarks/string-manipulation/backticks.js",
            "code": "let s = `${string}${other_string}`",
            "simple": {
                "samples": 771,
                "mean": 0.23116572048568232,
                "std": 0.00013502106932211528
            },
            "realistic": {
                "samples": 966,
                "mean": 0.26962501365945946,
                "std": 0.005829988539622857
            },
            "edge_case": {
                "samples": 837,
                "mean": 0.23137996273656045,
                "std": 0.00032082567946175575
            }
        },
        "concatenation": {
            "path": "/benchmarks/string-manipulation/concatenation.js",
            "code": "let s = string + other_string",
            "simple": {
                "samples": 974,
                "mean": 0.013152677665256133,
                "std": 0.00007146062489733152
            },
            "realistic": {
                "samples": 980,
                "mean": 0.01550993213848192,
                "std": 0.00012499775541576576
            },
            "edge_case": {
                "samples": 912,
                "mean": 0.015557329644236648,
                "std": 0.00007865049400548057
            }
        }
    }
}
