{
    "metadata": {
        "config": {
            "name": "string_manipulation",
            "description": "Comparing string manipulation methods",
            "related": [
                ""
            ],
            "samples": 100,
            "iterations": 100000
        },
        "system": {
            "node_version": "v19.8.1",
            "cpu": "Intel(R) Core(TM) i7-5820K CPU @ 3.30GHz, 3900 MHz (12)"
        }
    },
    "results": {
        "array_join": {
            "path": "/benchmarks/string-manipulation/array-join.js",
            "code": "[other_string, string, other_string].join()",
            "simple": {
                "mean": 12.063387372493743,
                "std": 1.3004517449323665
            },
            "realistic": {
                "mean": 12.28749326467514,
                "std": 1.2765275609720526
            },
            "edge_case": {
                "mean": 13.259181725978852,
                "std": 1.390532882923945
            }
        },
        "backticks": {
            "path": "/benchmarks/string-manipulation/backticks.js",
            "code": "`${other_string}${string}${other_string}`",
            "simple": {
                "mean": 1.8175660014152526,
                "std": 0.7115280663606722
            },
            "realistic": {
                "mean": 1.1667905855178833,
                "std": 0.5556296235457403
            },
            "edge_case": {
                "mean": 1.1802784395217896,
                "std": 0.458513532646845
            }
        },
        "concatenation": {
            "path": "/benchmarks/string-manipulation/concatenation.js",
            "code": "other_string + string + other_string",
            "simple": {
                "mean": 0.23062067747116088,
                "std": 0.8307750437434898
            },
            "realistic": {
                "mean": 0.17038264989852905,
                "std": 0.6148593995867432
            },
            "edge_case": {
                "mean": 0.1681296181678772,
                "std": 0.5965205646505658
            }
        }
    }
}
