{
    "metadata": {
        "config": {
            "name": "string_manipulation",
            "description": "Comparing string manipulation methods",
            "related": [
                "object-keys-mapping",
                "array-iteration"
            ],
            "samples": 1000,
            "iterations": 50000
        },
        "system": {
            "node_version": "v19.8.1",
            "cpu": "Intel(R) Core(TM) i7-5820K CPU @ 3.30GHz, 3900 MHz (12)"
        }
    },
    "results": {
        "array_join": {
            "path": "/benchmarks//string-manipulation/array-join.js",
            "code": "let s = [string, other_string].join(\"\")",
            "simple": {
                "samples": 870,
                "mean": 3.4989592149436217,
                "std": 0.019635584138329845
            },
            "realistic": {
                "samples": 888,
                "mean": 3.6075375202911077,
                "std": 0.05099053468056371
            },
            "edge_case": {
                "samples": 883,
                "mean": 3.9441018754559423,
                "std": 0.04536749239832465
            }
        },
        "backticks": {
            "path": "/benchmarks//string-manipulation/backticks.js",
            "code": "let s = `${string}${other_string}`",
            "simple": {
                "samples": 802,
                "mean": 0.2440251533808349,
                "std": 0.00012527006848885662
            },
            "realistic": {
                "samples": 758,
                "mean": 0.24363389314769088,
                "std": 0.002490510506647726
            },
            "edge_case": {
                "samples": 803,
                "mean": 0.24402416315147768,
                "std": 0.00011208655629649059
            }
        },
        "concatenation": {
            "path": "/benchmarks//string-manipulation/concatenation.js",
            "code": "let s = string + other_string",
            "simple": {
                "samples": 971,
                "mean": 0.013130041198991048,
                "std": 0.00011078737085386889
            },
            "realistic": {
                "samples": 976,
                "mean": 0.013134767398711477,
                "std": 0.00009881446780320559
            },
            "edge_case": {
                "samples": 970,
                "mean": 0.015529095863481772,
                "std": 0.0001105991246900436
            }
        }
    }
}
