{
    "metadata": {
        "config": {
            "name": "object_keys_mapping",
            "description": "Mapping object keys",
            "related": [
                "object-values-mapping"
            ],
            "samples": 1000,
            "iterations": 10000
        },
        "system": {
            "node_version": "v19.8.1",
            "cpu": "Intel(R) Core(TM) i7-5820K CPU @ 3.30GHz, 3900 MHz (12)"
        }
    },
    "results": {
        "for_key": {
            "path": "/benchmarks/object-keys-mapping/for-key.js",
            "code": "let keys = []\n\nfor (const key in object) {\n    keys.push(key)\n}",
            "simple": {
                "samples": 763,
                "mean": 0.24252460074768467,
                "std": 0.00298958778085443
            },
            "realistic": {
                "samples": 606,
                "mean": 0.3192022759528837,
                "std": 0.0046991144020166725
            },
            "edge_case": {
                "samples": 972,
                "mean": 0.4484221888667762,
                "std": 0.041118900542540936
            }
        },
        "object_keys": {
            "path": "/benchmarks/object-keys-mapping/object-keys.js",
            "code": "let keys = Object.keys(object)",
            "simple": {
                "samples": 966,
                "mean": 0.12904935618611843,
                "std": 0.017930443276585876
            },
            "realistic": {
                "samples": 977,
                "mean": 0.13641249291606422,
                "std": 0.021178953237886027
            },
            "edge_case": {
                "samples": 955,
                "mean": 0.1993267556135567,
                "std": 0.018950720504238638
            }
        }
    }
}
