{
    "metadata": {
        "config": {
            "name": "object_keys_mapping",
            "description": "Mapping object keys",
            "related": [
                "object-values-mapping"
            ],
            "samples": 1000,
            "iterations": 10000
        },
        "system": {
            "node_version": "v19.8.1",
            "cpu": "Intel(R) Core(TM) i7-5820K CPU @ 3.30GHz, 3900 MHz (12)"
        }
    },
    "results": {
        "for_key": {
            "path": "/benchmarks//object-keys-mapping/for-key.js",
            "code": "let keys = []\n\nfor (const key in object) {\n    keys.push(key)\n}",
            "simple": {
                "samples": 760,
                "mean": 0.24858267181798033,
                "std": 0.0036069401785887322
            },
            "realistic": {
                "samples": 729,
                "mean": 0.2670433998762008,
                "std": 0.001812054935380106
            },
            "edge_case": {
                "samples": 710,
                "mean": 0.4847387397792977,
                "std": 0.004497913347925097
            }
        },
        "object_keys": {
            "path": "/benchmarks//object-keys-mapping/object-keys.js",
            "code": "let keys = Object.keys(object)",
            "simple": {
                "samples": 919,
                "mean": 0.10890030056659752,
                "std": 0.015391005725873914
            },
            "realistic": {
                "samples": 938,
                "mean": 0.13146680580781722,
                "std": 0.019275303019433275
            },
            "edge_case": {
                "samples": 940,
                "mean": 0.19864199313711614,
                "std": 0.01811970915385352
            }
        }
    }
}
