{
    "metadata": {
        "config": {
            "name": "object_keys_mapping",
            "description": "Mapping object keys",
            "related": [
                "object-values-mapping"
            ],
            "samples": 1000,
            "iterations": 10000
        },
        "system": {
            "node_version": "v19.8.1",
            "cpu": "Intel(R) Core(TM) i7-5820K CPU @ 3.30GHz, 3900 MHz (12)"
        }
    },
    "results": {
        "for_key": {
            "path": "/benchmarks//object-keys-mapping/for-key.js",
            "code": "let keys = []\n\nfor (const key in object) {\n    keys.push(key)\n}",
            "simple": {
                "samples": 788,
                "mean": 0.29263632235041614,
                "std": 0.011577013105532538
            },
            "realistic": {
                "samples": 982,
                "mean": 0.2871389633401196,
                "std": 0.026110969315999273
            },
            "edge_case": {
                "samples": 993,
                "mean": 0.45086531115982825,
                "std": 0.04172800437755121
            }
        },
        "object_keys": {
            "path": "/benchmarks//object-keys-mapping/object-keys.js",
            "code": "let keys = Object.keys(object)",
            "simple": {
                "samples": 942,
                "mean": 0.133124215483879,
                "std": 0.01893288338325803
            },
            "realistic": {
                "samples": 942,
                "mean": 0.11071549044257611,
                "std": 0.015865115483377788
            },
            "edge_case": {
                "samples": 949,
                "mean": 0.19623103688762486,
                "std": 0.019074661360152272
            }
        }
    }
}
